epoch,train_time_epoch,train_eta,train_eta_hours,train_loss,train_lr,train_params,train_time_iter,train_accuracy,train_auc,train_ap,val_time_epoch,val_loss,val_lr,val_params,val_time_iter,val_accuracy,val_auc,val_ap,test_time_epoch,test_loss,test_lr,test_params,test_time_iter,test_accuracy,test_auc,test_ap,mpnn_param_layer_1,global_attention_param_layer_1,mpnn_param_layer_2,global_attention_param_layer_2,mpnn_param_layer_3,global_attention_param_layer_3,mpnn_param_layer_4,global_attention_param_layer_4,mpnn_param_layer_5,global_attention_param_layer_5
0.0,340.01092,33661.08086,9.3503,0.6974,0.0,9744870.0,0.49637,0.5036,0.49921,0.02138,18.65271,0.69746,0.0,9744870.0,0.21689,0.50458,0.49873,0.02581,20.00528,0.69831,0.0,9744870.0,0.23262,0.50403,0.49648,0.02691,1.0,1.0,1.0,1.0,1.0,1.0,1.0,1.0,1.0,1.0
1.0,259.62672,29382.2444,8.16174,0.34022,0.0001,9744870.0,0.37902,0.91878,0.54145,0.02975,13.14117,0.13277,0.0,9744870.0,0.1528,0.9721,0.60128,0.04217,13.84576,0.13566,0.0,9744870.0,0.161,0.97035,0.59604,0.04338,1.0,1.0,1.0,1.0,1.0,1.0,1.0,1.0,1.0,1.0
2.0,258.40819,27743.48192,7.70652,0.06911,0.0002,9744870.0,0.37724,0.97953,0.626,0.04316,13.90821,0.06314,0.0,9744870.0,0.16172,0.97601,0.71767,0.07465,13.85632,0.06506,0.0,9744870.0,0.16112,0.97437,0.71403,0.07793,1.03042,0.96958,1.01151,0.98849,1.00365,0.99635,0.98812,1.01188,0.99557,1.00443
3.0,259.17952,26813.40852,7.44817,0.04884,0.0003,9744870.0,0.37836,0.98107,0.73506,0.08005,13.23164,0.05629,0.0,9744870.0,0.15386,0.9765,0.77649,0.10842,14.09709,0.05876,0.0,9744870.0,0.16392,0.97512,0.77589,0.11078,1.03782,0.96218,1.01824,0.98176,1.01115,0.98885,1.00022,0.99978,1.01634,0.98366
4.0,259.50636,26157.90257,7.26608,0.04509,0.0004,9744870.0,0.37884,0.98191,0.79505,0.10932,13.22598,0.05382,0.0,9744870.0,0.15379,0.97674,0.80828,0.13842,13.94498,0.05636,0.0,9744870.0,0.16215,0.97543,0.80658,0.13737,1.04207,0.95792,1.02212,0.97787,1.01679,0.98321,1.01026,0.98974,1.0367,0.9633
5.0,259.48103,25633.99967,7.12055,0.04299,0.0005,9744870.0,0.3788,0.98261,0.82444,0.13391,13.14825,0.05235,0.0,9744870.0,0.15289,0.97772,0.82637,0.16064,13.84513,0.05482,0.0,9744870.0,0.16099,0.97638,0.82441,0.15709,1.04845,0.95155,1.02834,0.97166,1.0248,0.9752,1.03127,0.96873,1.08355,0.91645
6.0,259.91655,25191.432,6.99762,0.04127,0.0005,9744870.0,0.37944,0.98321,0.84461,0.15777,13.26671,0.05116,0.0,9744870.0,0.15426,0.97819,0.84002,0.1789,13.94452,0.05354,0.0,9744870.0,0.16214,0.97682,0.83756,0.17299,1.05566,0.94434,1.03925,0.96074,1.04043,0.95957,1.07158,0.92842,1.15936,0.84064
7.0,259.62854,24791.21506,6.88645,0.03998,0.0005,9744870.0,0.37902,0.98365,0.85673,0.17822,13.41591,0.04963,0.0,9744870.0,0.156,0.9787,0.85063,0.19231,13.96618,0.05199,0.0,9744870.0,0.1624,0.97728,0.8478,0.18585,1.06239,0.93761,1.05458,0.94542,1.0634,0.9366,1.12686,0.87314,1.23578,0.76422
8.0,259.70001,24422.96263,6.78416,0.03893,0.0005,9744870.0,0.37912,0.98402,0.86622,0.1956,13.31681,0.0486,0.0,9744870.0,0.15485,0.97922,0.85724,0.20304,14.16986,0.0509,0.0,9744870.0,0.16477,0.97783,0.85391,0.19761,1.07106,0.92893,1.07662,0.92338,1.09718,0.90282,1.19813,0.80187,1.30741,0.69259
9.0,258.99463,24070.07222,6.68613,0.03803,0.0005,9744870.0,0.3781,0.98436,0.87348,0.21285,13.18445,0.04815,0.0,9744870.0,0.15331,0.97944,0.86092,0.21275,14.73247,0.05038,0.0,9744870.0,0.17131,0.97812,0.85791,0.2085,1.08244,0.91756,1.10766,0.89233,1.14459,0.8554,1.27866,0.72134,1.36725,0.63276
10.0,258.45835,23729.9148,6.59164,0.03721,0.0005,9744870.0,0.37731,0.98468,0.88016,0.229,13.22765,0.04712,0.0,9744870.0,0.15381,0.97994,0.86609,0.22309,13.95498,0.04945,0.0,9744870.0,0.16227,0.97861,0.86271,0.21947,1.09862,0.9014,1.15262,0.84738,1.2057,0.7943,1.35477,0.64522,1.41525,0.58475
11.0,259.97552,23414.49978,6.50403,0.03643,0.0005,9744870.0,0.37953,0.98497,0.8859,0.24556,13.22706,0.0466,0.0,9744870.0,0.1538,0.9801,0.86999,0.23272,13.93042,0.04878,0.0,9744870.0,0.16198,0.97877,0.86662,0.23002,1.1171,0.8829,1.21173,0.78827,1.27637,0.72363,1.42016,0.57984,1.45762,0.5424
12.0,258.64312,23098.6971,6.4163,0.03573,0.00049,9744870.0,0.37758,0.98526,0.89059,0.26137,13.20596,0.04607,0.0,9744870.0,0.15356,0.98034,0.87183,0.23885,13.95142,0.04831,0.0,9744870.0,0.16222,0.97903,0.86878,0.23686,1.13745,0.86255,1.28074,0.71926,1.35097,0.64903,1.4723,0.52771,1.49304,0.50695
13.0,259.65805,22797.29467,6.33258,0.03506,0.00049,9744870.0,0.37906,0.98555,0.8954,0.27555,13.29758,0.046,0.0,9744870.0,0.15462,0.98029,0.8738,0.243,13.87595,0.04819,0.0,9744870.0,0.16135,0.979,0.87032,0.24198,1.16029,0.8397,1.35191,0.64809,1.41863,0.58137,1.51434,0.48566,1.5224,0.4776
14.0,257.96987,22491.89178,6.24775,0.03444,0.00049,9744870.0,0.3766,0.98573,0.89975,0.28904,13.13083,0.04535,0.0,9744870.0,0.15268,0.98059,0.87637,0.25241,14.66998,0.04761,0.0,9744870.0,0.17058,0.97927,0.87326,0.2477,1.18242,0.81757,1.41467,0.58535,1.4763,0.5237,1.54478,0.4552,1.54738,0.45263
15.0,257.58386,22190.39146,6.164,0.03388,0.00049,9744870.0,0.37604,0.98597,0.90348,0.3017,13.15919,0.04525,0.0,9744870.0,0.15301,0.98063,0.87797,0.25745,13.83601,0.04746,0.0,9744870.0,0.16088,0.97926,0.87524,0.25187,1.20585,0.79415,1.47006,0.52994,1.52278,0.47722,1.56986,0.43014,1.56651,0.43349
16.0,259.08335,21901.37886,6.08372,0.03337,0.00048,9744870.0,0.37822,0.98617,0.90724,0.31416,13.19673,0.04516,0.0,9744870.0,0.15345,0.98061,0.87949,0.26176,13.89795,0.04734,0.0,9744870.0,0.1616,0.9793,0.87563,0.25612,1.22478,0.77522,1.51702,0.48298,1.55877,0.44123,1.58784,0.41218,1.58482,0.41517
17.0,258.76999,21614.26418,6.00396,0.03288,0.00048,9744870.0,0.37777,0.98637,0.91045,0.32589,13.16573,0.04468,0.0,9744870.0,0.15309,0.98083,0.88082,0.26607,13.89373,0.04683,0.0,9744870.0,0.16156,0.97957,0.8774,0.26173,1.24624,0.75376,1.55324,0.44676,1.58585,0.41415,1.60116,0.39885,1.59819,0.40182
18.0,259.07416,21331.42987,5.9254,0.03243,0.00048,9744870.0,0.37821,0.98653,0.91373,0.3369,13.31333,0.0449,0.0,9744870.0,0.15481,0.9807,0.88197,0.27113,13.8559,0.04708,0.0,9744870.0,0.16111,0.97939,0.87767,0.26424,1.26163,0.73838,1.58357,0.41642,1.60922,0.39079,1.61443,0.38558,1.61177,0.38824
19.0,257.92093,21046.35867,5.84621,0.032,0.00047,9744870.0,0.37653,0.98671,0.91653,0.34848,13.98572,0.04446,0.0,9744870.0,0.16263,0.98101,0.88195,0.27289,13.85239,0.04664,0.0,9744870.0,0.16108,0.9797,0.87832,0.2669,1.2813,0.71869,1.60597,0.39403,1.62768,0.37233,1.62284,0.37716,1.62282,0.37718
20.0,258.37741,20765.59043,5.76822,0.03161,0.00047,9744870.0,0.37719,0.98687,0.91924,0.35774,13.17268,0.04445,0.0,9744870.0,0.15317,0.98097,0.88263,0.27559,13.86949,0.04669,0.0,9744870.0,0.16128,0.97965,0.87889,0.26932,1.29709,0.70291,1.62809,0.3719,1.6435,0.35651,1.6274,0.37261,1.63246,0.36753
21.0,258.97658,20488.98207,5.69138,0.03123,0.00047,9744870.0,0.37807,0.98703,0.92187,0.36772,13.2247,0.04433,0.0,9744870.0,0.15378,0.98112,0.88331,0.27826,13.90562,0.04653,0.0,9744870.0,0.16169,0.97978,0.87902,0.27221,1.31234,0.68766,1.64698,0.35301,1.6547,0.34531,1.6323,0.3677,1.63782,0.36217
22.0,258.95336,20213.82915,5.61495,0.03087,0.00046,9744870.0,0.37803,0.98718,0.92416,0.37684,13.20392,0.04426,0.0,9744870.0,0.15353,0.98104,0.88346,0.27984,13.90688,0.04645,0.0,9744870.0,0.16171,0.97974,0.87942,0.27599,1.32669,0.67331,1.66206,0.33794,1.66396,0.33606,1.63624,0.36375,1.644,0.35601
23.0,258.43241,19938.37653,5.53844,0.03052,0.00046,9744870.0,0.37727,0.9873,0.9268,0.3861,13.30592,0.04412,0.0,9744870.0,0.15472,0.9812,0.88427,0.28284,13.89006,0.04632,0.0,9744870.0,0.16151,0.97989,0.8799,0.2769,1.34141,0.65858,1.67844,0.32155,1.67399,0.32603,1.6391,0.3609,1.64856,0.35144
24.0,258.91022,19665.71896,5.4627,0.0302,0.00045,9744870.0,0.37797,0.98746,0.92872,0.39408,13.95252,0.04401,0.0,9744870.0,0.16224,0.98123,0.88504,0.28452,13.81198,0.04627,0.0,9744870.0,0.1606,0.97998,0.87977,0.27727,1.35567,0.64433,1.68745,0.31254,1.68118,0.31884,1.63975,0.36027,1.65257,0.34742
25.0,257.40008,19389.8208,5.38606,0.02988,0.00045,9744870.0,0.37577,0.98758,0.93079,0.40283,13.11252,0.0441,0.0,9744870.0,0.15247,0.98128,0.88497,0.28455,14.48605,0.04633,0.0,9744870.0,0.16844,0.97998,0.88018,0.27854,1.36709,0.63291,1.69832,0.30168,1.68519,0.31481,1.64194,0.35806,1.65674,0.34327
26.0,258.09055,19117.15967,5.31032,0.02958,0.00044,9744870.0,0.37677,0.98769,0.93285,0.4111,13.14421,0.04398,0.0,9744870.0,0.15284,0.98131,0.88404,0.28568,13.82672,0.0462,0.0,9744870.0,0.16078,0.98,0.87964,0.28039,1.38046,0.61955,1.71158,0.28842,1.69375,0.30625,1.64261,0.35739,1.65996,0.34004
27.0,257.54958,18844.14823,5.23448,0.02929,0.00044,9744870.0,0.37598,0.98782,0.93489,0.41842,13.1008,0.04404,0.0,9744870.0,0.15233,0.98135,0.88444,0.28909,13.79025,0.04632,0.0,9744870.0,0.16035,0.98009,0.8796,0.28246,1.39043,0.60957,1.71775,0.28225,1.69681,0.30319,1.64334,0.35666,1.66364,0.33635
28.0,257.32592,18571.65555,5.15879,0.029,0.00043,9744870.0,0.37566,0.98792,0.93671,0.42677,13.10228,0.04417,0.0,9744870.0,0.15235,0.98137,0.88401,0.28884,13.80119,0.04639,0.0,9744870.0,0.16048,0.97997,0.87966,0.2825,1.40185,0.59815,1.72469,0.2753,1.69938,0.30062,1.64056,0.35944,1.6653,0.33471
29.0,257.7807,18301.23515,5.08367,0.02873,0.00043,9744870.0,0.37632,0.98805,0.93856,0.43306,14.02839,0.0441,0.0,9744870.0,0.16312,0.98129,0.88514,0.29029,13.83023,0.04634,0.0,9744870.0,0.16082,0.97998,0.88036,0.28463,1.41102,0.58897,1.73094,0.26907,1.70303,0.29697,1.64201,0.35801,1.66633,0.33367
30.0,257.17681,18030.28605,5.00841,0.02844,0.00042,9744870.0,0.37544,0.98819,0.94037,0.44175,13.09822,0.04406,0.0,9744870.0,0.1523,0.98148,0.88426,0.29244,14.47946,0.04633,0.0,9744870.0,0.16836,0.98021,0.87949,0.28577,1.42005,0.57996,1.7352,0.2648,1.70559,0.29441,1.63877,0.36123,1.66784,0.33217
31.0,257.72745,17761.36785,4.93371,0.02818,0.00041,9744870.0,0.37625,0.9883,0.94198,0.44812,13.13242,0.04408,0.0,9744870.0,0.1527,0.98137,0.88433,0.29269,13.83366,0.04634,0.0,9744870.0,0.16086,0.98014,0.87948,0.28581,1.42807,0.57192,1.74103,0.25896,1.70783,0.29216,1.63849,0.36152,1.66894,0.33106
32.0,257.90453,17493.48738,4.8593,0.02794,0.00041,9744870.0,0.3765,0.98839,0.94346,0.45434,13.10459,0.04431,0.0,9744870.0,0.15238,0.98131,0.88396,0.29266,13.82434,0.04658,0.0,9744870.0,0.16075,0.98001,0.87901,0.28625,1.43582,0.56419,1.74561,0.25438,1.71149,0.28852,1.63691,0.36309,1.66955,0.33046
33.0,258.0965,17226.56639,4.78516,0.02768,0.0004,9744870.0,0.37678,0.9885,0.94519,0.46146,13.12637,0.04436,0.0,9744870.0,0.15263,0.98138,0.8837,0.2928,13.84098,0.04661,0.0,9744870.0,0.16094,0.98004,0.87881,0.28645,1.44363,0.55638,1.74849,0.25152,1.71072,0.28929,1.63698,0.36304,1.66967,0.33034
34.0,258.55191,16960.99542,4.71139,0.02744,0.00039,9744870.0,0.37745,0.98859,0.94664,0.46802,13.13244,0.04429,0.0,9744870.0,0.1527,0.98139,0.88391,0.29384,13.86006,0.0466,0.0,9744870.0,0.16116,0.9801,0.87886,0.28748,1.44861,0.5514,1.75415,0.24585,1.71323,0.28678,1.63522,0.36479,1.66886,0.33114
35.0,256.78639,16692.6757,4.63685,0.0272,0.00039,9744870.0,0.37487,0.98869,0.94802,0.47392,13.11143,0.04445,0.0,9744870.0,0.15246,0.98132,0.88337,0.29327,14.50318,0.04681,0.0,9744870.0,0.16864,0.97996,0.87822,0.28534,1.45523,0.54477,1.75716,0.24284,1.71389,0.28612,1.63438,0.36562,1.66923,0.33077
36.0,257.54447,16426.27017,4.56285,0.02695,0.00038,9744870.0,0.37598,0.98882,0.94959,0.4815,13.14239,0.04439,0.0,9744870.0,0.15282,0.98144,0.88254,0.29429,13.85596,0.04673,0.0,9744870.0,0.16112,0.98012,0.87732,0.28693,1.46202,0.53799,1.76234,0.23766,1.71582,0.28419,1.63483,0.36517,1.66902,0.33098
37.0,257.27954,16159.89877,4.48886,0.02671,0.00037,9744870.0,0.37559,0.98888,0.95108,0.48747,13.10992,0.04454,0.0,9744870.0,0.15244,0.98138,0.88294,0.29539,13.80954,0.04689,0.0,9744870.0,0.16058,0.98007,0.8775,0.2883,1.46652,0.53348,1.76726,0.23274,1.71434,0.28566,1.63343,0.36657,1.66794,0.33205
38.0,257.86543,15894.91001,4.41525,0.0265,0.00037,9744870.0,0.37644,0.98899,0.95231,0.49463,13.09182,0.04466,0.0,9744870.0,0.15223,0.98124,0.88247,0.29636,13.81199,0.04701,0.0,9744870.0,0.16061,0.97997,0.87746,0.28915,1.47213,0.52788,1.76979,0.23021,1.71642,0.28357,1.63101,0.36899,1.66851,0.33149
39.0,258.12716,15630.67001,4.34185,0.02626,0.00036,9744870.0,0.37683,0.98912,0.95368,0.50036,13.13238,0.04477,0.0,9744870.0,0.1527,0.98134,0.88193,0.29629,13.85106,0.04719,0.0,9744870.0,0.16106,0.98004,0.87624,0.28826,1.47606,0.52394,1.77156,0.22844,1.71551,0.28449,1.62956,0.37044,1.6667,0.3333
40.0,257.01985,15365.13476,4.26809,0.02603,0.00035,9744870.0,0.37521,0.98919,0.95499,0.50664,13.13155,0.04486,0.0,9744870.0,0.15269,0.98123,0.88205,0.29713,14.48996,0.04721,0.0,9744870.0,0.16849,0.97998,0.87684,0.28888,1.47874,0.52126,1.77378,0.22622,1.71733,0.28269,1.62569,0.37431,1.6666,0.3334
41.0,257.1211,15100.14482,4.19448,0.02581,0.00034,9744870.0,0.37536,0.98929,0.95605,0.51229,13.11461,0.04493,0.0,9744870.0,0.1525,0.98139,0.88075,0.29644,13.8143,0.04726,0.0,9744870.0,0.16063,0.98006,0.87596,0.28943,1.48338,0.51662,1.77659,0.22341,1.71937,0.28063,1.62498,0.37502,1.66651,0.33349
42.0,257.51995,14836.04958,4.12112,0.0256,0.00034,9744870.0,0.37594,0.98938,0.95735,0.51786,13.1125,0.04518,0.0,9744870.0,0.15247,0.98115,0.88007,0.29675,13.80913,0.04756,0.0,9744870.0,0.16057,0.9799,0.87542,0.2886,1.48598,0.51402,1.77915,0.22086,1.71811,0.2819,1.62401,0.376,1.66497,0.33503
43.0,257.59192,14572.34482,4.04787,0.02538,0.00033,9744870.0,0.37605,0.98948,0.95841,0.52457,13.1445,0.04524,0.0,9744870.0,0.15284,0.98118,0.88042,0.29754,13.87778,0.04769,0.0,9744870.0,0.16137,0.97989,0.87485,0.28902,1.48771,0.51228,1.78244,0.21756,1.71802,0.28197,1.62232,0.37768,1.66173,0.33827
44.0,258.9635,14310.58811,3.97516,0.02516,0.00032,9744870.0,0.37805,0.98957,0.95961,0.53002,13.13732,0.04525,0.0,9744870.0,0.15276,0.98136,0.87968,0.2965,13.84101,0.04763,0.0,9744870.0,0.16094,0.98007,0.87483,0.28813,1.48906,0.51094,1.78105,0.21894,1.71649,0.28351,1.62029,0.37971,1.66191,0.33809
45.0,257.62124,14047.37716,3.90205,0.02495,0.00031,9744870.0,0.37609,0.98965,0.96075,0.53512,13.81774,0.04532,0.0,9744870.0,0.16067,0.98123,0.87948,0.29746,13.85775,0.04777,0.0,9744870.0,0.16114,0.97993,0.87513,0.28959,1.49219,0.50781,1.78444,0.21556,1.71749,0.28251,1.61726,0.38275,1.66068,0.33933
46.0,258.23216,13785.09297,3.82919,0.02473,0.0003,9744870.0,0.37698,0.98976,0.96182,0.54204,13.12109,0.04545,0.0,9744870.0,0.15257,0.98122,0.87908,0.29804,13.96515,0.04795,0.0,9744870.0,0.16239,0.97995,0.87346,0.28949,1.49419,0.50581,1.78461,0.21538,1.71755,0.28245,1.61499,0.38502,1.65932,0.34068
47.0,257.26448,13521.9293,3.75609,0.02453,0.0003,9744870.0,0.37557,0.98983,0.96283,0.5474,13.11192,0.04552,0.0,9744870.0,0.15246,0.98131,0.87882,0.29752,13.7877,0.04795,0.0,9744870.0,0.16032,0.98009,0.87415,0.28991,1.4961,0.5039,1.78683,0.21317,1.7156,0.2844,1.61212,0.38788,1.65746,0.34255
48.0,257.54672,13259.30016,3.68314,0.02433,0.00029,9744870.0,0.37598,0.98991,0.96384,0.55214,13.10938,0.04567,0.0,9744870.0,0.15244,0.98126,0.87847,0.29729,13.81428,0.04813,0.0,9744870.0,0.16063,0.97994,0.87315,0.29028,1.49873,0.50127,1.7874,0.21261,1.71459,0.28542,1.61219,0.3878,1.65751,0.34249
49.0,257.64874,12996.97635,3.61027,0.02413,0.00028,9744870.0,0.37613,0.98999,0.96488,0.5576,13.11879,0.04597,0.0,9744870.0,0.15255,0.98114,0.87741,0.29749,13.82124,0.04848,0.0,9744870.0,0.16071,0.97978,0.8723,0.28882,1.49875,0.50124,1.78801,0.21199,1.71325,0.28675,1.61054,0.38946,1.65468,0.34532
50.0,257.60681,12734.79558,3.53744,0.02393,0.00027,9744870.0,0.37607,0.99007,0.96572,0.56392,13.91525,0.04596,0.0,9744870.0,0.1618,0.98117,0.8772,0.29849,13.96397,0.04849,0.0,9744870.0,0.16237,0.97991,0.8723,0.28932,1.5003,0.49968,1.78838,0.21162,1.71391,0.28609,1.60798,0.39202,1.65554,0.34446
51.0,259.11656,12474.18435,3.46505,0.02373,0.00026,9744870.0,0.37827,0.99015,0.96668,0.568,13.16942,0.04613,0.0,9744870.0,0.15313,0.98106,0.87654,0.29785,14.03385,0.04866,0.0,9744870.0,0.16318,0.97978,0.87162,0.28874,1.50189,0.49811,1.7908,0.20921,1.71245,0.28755,1.60636,0.39365,1.65443,0.34557
52.0,258.01376,12212.65157,3.3924,0.02354,0.00025,9744870.0,0.37666,0.99024,0.96764,0.57384,13.20325,0.04632,0.0,9744870.0,0.15353,0.98106,0.87629,0.29866,14.77737,0.04888,0.0,9744870.0,0.17183,0.97972,0.87122,0.2885,1.50331,0.49669,1.79057,0.20944,1.71059,0.28941,1.60463,0.39537,1.65197,0.34803
53.0,257.44221,11950.76225,3.31966,0.02334,0.00025,9744870.0,0.37583,0.99034,0.96851,0.57912,13.1814,0.04652,0.0,9744870.0,0.15327,0.98096,0.87611,0.29827,13.89682,0.04908,0.0,9744870.0,0.16159,0.97966,0.87148,0.28842,1.50415,0.49585,1.7914,0.20861,1.71014,0.28988,1.60278,0.39722,1.65073,0.34927
54.0,259.0794,11690.37416,3.24733,0.02315,0.00024,9744870.0,0.37822,0.99042,0.9693,0.58466,13.21699,0.04655,0.0,9744870.0,0.15368,0.9811,0.87505,0.29811,13.92795,0.04913,0.0,9744870.0,0.16195,0.97978,0.86957,0.28967,1.50447,0.49552,1.79053,0.2095,1.70875,0.29125,1.60101,0.39899,1.64887,0.35113
55.0,258.29335,11429.4152,3.17484,0.02297,0.00023,9744870.0,0.37707,0.99047,0.97009,0.58922,13.1233,0.04667,0.0,9744870.0,0.1526,0.98109,0.8753,0.29711,13.86208,0.04924,0.0,9744870.0,0.16119,0.97975,0.86998,0.28854,1.5051,0.4949,1.7916,0.2084,1.70743,0.29257,1.59936,0.40064,1.64689,0.35311
56.0,257.77108,11168.15577,3.10226,0.02278,0.00022,9744870.0,0.37631,0.99056,0.97085,0.59389,13.12478,0.04689,0.0,9744870.0,0.15261,0.98099,0.87463,0.29694,13.95802,0.04948,0.0,9744870.0,0.1623,0.9796,0.86905,0.2884,1.50668,0.49331,1.7911,0.2089,1.70644,0.29356,1.59644,0.40356,1.64534,0.35466
57.0,257.59618,10906.88998,3.02969,0.0226,0.00021,9744870.0,0.37605,0.99064,0.97165,0.59929,13.10061,0.04698,0.0,9744870.0,0.15233,0.98096,0.87409,0.2983,14.63033,0.04961,0.0,9744870.0,0.17012,0.97961,0.86898,0.28792,1.50676,0.49323,1.79237,0.20764,1.70593,0.29409,1.59586,0.40414,1.64398,0.35602
58.0,256.69784,10645.12432,2.95698,0.02242,0.0002,9744870.0,0.37474,0.99071,0.97231,0.60435,13.06807,0.04708,0.0,9744870.0,0.15196,0.98104,0.87357,0.298,13.78678,0.04972,0.0,9744870.0,0.16031,0.97961,0.86865,0.2877,1.50787,0.49212,1.79178,0.20822,1.70485,0.29515,1.59316,0.40685,1.64372,0.35628
59.0,258.07376,10384.44486,2.88457,0.02225,0.0002,9744870.0,0.37675,0.99077,0.97313,0.60885,13.08124,0.04727,0.0,9744870.0,0.15211,0.98098,0.87307,0.29749,13.76629,0.04995,0.0,9744870.0,0.16007,0.9796,0.86772,0.28745,1.50847,0.49154,1.79234,0.20766,1.7036,0.29644,1.59167,0.40833,1.64141,0.35858
60.0,257.53752,10123.508,2.81208,0.02209,0.00019,9744870.0,0.37597,0.99085,0.97371,0.6137,13.04081,0.0474,0.0,9744870.0,0.15164,0.98104,0.87295,0.29802,13.77032,0.05009,0.0,9744870.0,0.16012,0.97959,0.8671,0.28782,1.50877,0.49123,1.79131,0.20869,1.70212,0.29788,1.58974,0.41026,1.63981,0.3602
61.0,257.05851,9862.3872,2.73955,0.02191,0.00018,9744870.0,0.37527,0.99094,0.97429,0.6178,13.20284,0.04751,0.0,9744870.0,0.15352,0.98097,0.87246,0.29838,13.75915,0.05021,0.0,9744870.0,0.15999,0.97958,0.86648,0.28779,1.50867,0.49133,1.79187,0.20813,1.70237,0.29764,1.58844,0.41156,1.63846,0.36155
62.0,256.85463,9601.27562,2.66702,0.02175,0.00017,9744870.0,0.37497,0.991,0.97497,0.6222,13.08989,0.04771,0.0,9744870.0,0.15221,0.98092,0.872,0.29736,14.69527,0.05041,0.0,9744870.0,0.17088,0.97954,0.86627,0.28733,1.50942,0.49059,1.79219,0.20781,1.70017,0.29984,1.58722,0.41278,1.63766,0.36234
63.0,256.69232,9340.20578,2.5945,0.02158,0.00016,9744870.0,0.37473,0.99105,0.97555,0.62614,13.11659,0.04795,0.0,9744870.0,0.15252,0.98085,0.87154,0.29724,13.8321,0.05067,0.0,9744870.0,0.16084,0.97944,0.86591,0.2871,1.51009,0.48992,1.7931,0.20688,1.69844,0.30157,1.58545,0.41456,1.63583,0.36417
64.0,258.20839,9080.08697,2.52225,0.02143,0.00016,9744870.0,0.37695,0.99112,0.9762,0.63072,13.10949,0.04796,0.0,9744870.0,0.15244,0.98085,0.87129,0.29729,13.82827,0.05069,0.0,9744870.0,0.16079,0.97954,0.86572,0.28678,1.50999,0.49001,1.79337,0.20663,1.69709,0.30292,1.5836,0.4164,1.63468,0.36532
65.0,257.55867,8819.69136,2.44991,0.02127,0.00015,9744870.0,0.376,0.99124,0.97665,0.63563,13.08926,0.04808,0.0,9744870.0,0.1522,0.98086,0.87098,0.29683,13.82621,0.05086,0.0,9744870.0,0.16077,0.97955,0.86486,0.28562,1.51045,0.48954,1.79267,0.20733,1.69601,0.304,1.5831,0.4169,1.6342,0.36581
66.0,257.48522,8559.34424,2.37759,0.02113,0.00014,9744870.0,0.37589,0.99128,0.97717,0.63786,13.25751,0.04826,0.0,9744870.0,0.15416,0.98083,0.86995,0.29613,13.79774,0.05104,0.0,9744870.0,0.16044,0.97954,0.86393,0.28594,1.51036,0.48965,1.79192,0.20808,1.69564,0.30437,1.58065,0.41933,1.63302,0.36697
67.0,257.46304,8299.07087,2.3053,0.02097,0.00013,9744870.0,0.37586,0.99132,0.97767,0.64252,13.92261,0.04846,0.0,9744870.0,0.16189,0.98073,0.86956,0.29547,13.77264,0.05124,0.0,9744870.0,0.16015,0.97949,0.86376,0.28551,1.51029,0.4897,1.79248,0.20752,1.69409,0.30591,1.57934,0.42067,1.63125,0.36875
68.0,256.57244,8038.47883,2.23291,0.02083,0.00013,9744870.0,0.37456,0.99138,0.97818,0.64617,13.12157,0.04861,0.0,9744870.0,0.15258,0.98085,0.86917,0.29685,13.80849,0.05144,0.0,9744870.0,0.16056,0.97947,0.86332,0.2862,1.51094,0.48906,1.79293,0.20707,1.69232,0.30768,1.57758,0.42242,1.62996,0.37004
69.0,257.87396,7778.55943,2.16071,0.02068,0.00012,9744870.0,0.37646,0.99145,0.97858,0.64978,13.10026,0.04875,0.0,9744870.0,0.15233,0.98073,0.86924,0.29565,13.80619,0.05159,0.0,9744870.0,0.16054,0.97941,0.86309,0.28529,1.51153,0.48847,1.79284,0.20715,1.69208,0.30792,1.57642,0.42358,1.62931,0.3707
70.0,257.59482,7518.58363,2.0885,0.02056,0.00011,9744870.0,0.37605,0.99152,0.97906,0.65352,13.12075,0.04884,0.0,9744870.0,0.15257,0.98083,0.86881,0.29569,13.85475,0.05168,0.0,9744870.0,0.1611,0.97943,0.86286,0.28484,1.51128,0.48872,1.79239,0.20761,1.69111,0.3089,1.5751,0.42489,1.62758,0.37241
71.0,257.40621,7258.60062,2.01628,0.02044,0.00011,9744870.0,0.37578,0.99154,0.97942,0.65634,13.23014,0.04902,0.0,9744870.0,0.15384,0.98071,0.86847,0.29576,13.79424,0.0519,0.0,9744870.0,0.1604,0.97936,0.86235,0.28484,1.51202,0.48798,1.79238,0.20762,1.6904,0.3096,1.57357,0.42643,1.62605,0.37396
72.0,257.13037,6998.58619,1.94405,0.0203,0.0001,9744870.0,0.37537,0.99162,0.97983,0.66033,13.94952,0.04911,0.0,9744870.0,0.1622,0.98079,0.86781,0.29574,13.79344,0.052,0.0,9744870.0,0.16039,0.97938,0.86178,0.28477,1.5124,0.4876,1.79345,0.20655,1.68832,0.3117,1.57256,0.42745,1.62529,0.37471
73.0,257.03637,6738.61668,1.87184,0.02018,9e-05,9744870.0,0.37524,0.99167,0.98017,0.66314,13.06984,0.04918,0.0,9744870.0,0.15198,0.98073,0.86749,0.29594,13.76309,0.05208,0.0,9744870.0,0.16004,0.9794,0.86166,0.2845,1.51198,0.48802,1.79302,0.20699,1.68708,0.31292,1.57133,0.42868,1.62376,0.37624
74.0,258.14547,6479.09508,1.79975,0.02007,9e-05,9744870.0,0.37686,0.9917,0.98052,0.66565,13.10537,0.04934,0.0,9744870.0,0.15239,0.9807,0.8671,0.29511,13.78819,0.05227,0.0,9744870.0,0.16033,0.97935,0.86088,0.28466,1.51178,0.48822,1.79312,0.20688,1.68598,0.31403,1.57063,0.42937,1.62345,0.37657
75.0,257.38459,6219.36942,1.7276,0.01996,8e-05,9744870.0,0.37574,0.99175,0.98096,0.66977,13.13295,0.04944,0.0,9744870.0,0.15271,0.98072,0.86683,0.29525,13.85231,0.05236,0.0,9744870.0,0.16107,0.97936,0.86087,0.28471,1.51187,0.48812,1.79284,0.20715,1.6851,0.3149,1.56917,0.43083,1.62243,0.37757
76.0,257.60084,5959.76916,1.65549,0.01986,7e-05,9744870.0,0.37606,0.99178,0.98113,0.67232,13.09021,0.04955,0.0,9744870.0,0.15221,0.98077,0.86629,0.29534,13.82652,0.05249,0.0,9744870.0,0.16077,0.97936,0.8604,0.28426,1.51237,0.48763,1.79296,0.20704,1.68412,0.3159,1.56797,0.43202,1.62118,0.37882
77.0,257.37818,5700.15737,1.58338,0.01975,7e-05,9744870.0,0.37574,0.99184,0.9815,0.67442,13.87068,0.04966,0.0,9744870.0,0.16129,0.98072,0.86604,0.29443,13.80071,0.05261,0.0,9744870.0,0.16047,0.97928,0.85996,0.28378,1.51216,0.48784,1.79293,0.20707,1.68356,0.31646,1.56698,0.43301,1.62015,0.37986
78.0,256.91265,5440.47837,1.51124,0.01966,6e-05,9744870.0,0.37505,0.99188,0.98175,0.67698,13.10762,0.04976,0.0,9744870.0,0.15242,0.98073,0.86623,0.29551,14.50137,0.05271,0.0,9744870.0,0.16862,0.97933,0.86003,0.28379,1.51247,0.48754,1.79357,0.20643,1.6829,0.31711,1.56633,0.43367,1.61924,0.38076
79.0,257.85352,5181.10376,1.4392,0.01957,6e-05,9744870.0,0.37643,0.99193,0.98197,0.67923,13.14273,0.04983,0.0,9744870.0,0.15282,0.98078,0.86597,0.29482,13.84245,0.05284,0.0,9744870.0,0.16096,0.9794,0.85954,0.28343,1.5121,0.48789,1.79302,0.20698,1.68191,0.3181,1.56558,0.43441,1.61804,0.38196
80.0,257.68742,4921.72773,1.36715,0.01947,5e-05,9744870.0,0.37618,0.99196,0.98224,0.68171,13.12311,0.04995,0.0,9744870.0,0.15259,0.98068,0.86561,0.29484,13.82787,0.05295,0.0,9744870.0,0.16079,0.97926,0.8592,0.2837,1.51231,0.48768,1.79244,0.20757,1.68125,0.31875,1.56446,0.43554,1.61708,0.38292
81.0,257.74363,4662.40523,1.29511,0.0194,5e-05,9744870.0,0.37627,0.99197,0.98242,0.68294,13.06767,0.05005,0.0,9744870.0,0.15195,0.98063,0.86551,0.29524,13.78667,0.05306,0.0,9744870.0,0.16031,0.97922,0.85904,0.28383,1.5124,0.48761,1.79289,0.20711,1.68058,0.31943,1.56358,0.43642,1.61664,0.38337
82.0,258.73756,4403.32435,1.22315,0.01933,4e-05,9744870.0,0.37772,0.99202,0.98265,0.68543,13.14806,0.05006,0.0,9744870.0,0.15288,0.98072,0.86535,0.29522,13.88904,0.05306,0.0,9744870.0,0.1615,0.97928,0.8589,0.28385,1.51222,0.48778,1.79284,0.20716,1.67984,0.32015,1.56317,0.43683,1.61612,0.38389
83.0,257.2636,4143.9709,1.1511,0.01926,4e-05,9744870.0,0.37557,0.99204,0.98273,0.68703,13.1254,0.05013,0.0,9744870.0,0.15262,0.98065,0.86497,0.29455,14.49219,0.05316,0.0,9744870.0,0.16851,0.97923,0.85856,0.2833,1.51176,0.48825,1.79239,0.2076,1.67928,0.32073,1.56228,0.43771,1.61541,0.38459
84.0,257.09558,3884.63696,1.07906,0.01918,3e-05,9744870.0,0.37532,0.99207,0.98299,0.6889,13.12699,0.05024,0.0,9744870.0,0.15264,0.9807,0.86493,0.29447,13.84045,0.05327,0.0,9744870.0,0.16094,0.97924,0.85849,0.28363,1.51208,0.48792,1.79229,0.20772,1.67875,0.32127,1.56198,0.43801,1.61474,0.38526
85.0,258.54093,3625.59037,1.00711,0.01912,3e-05,9744870.0,0.37743,0.99211,0.98314,0.69074,13.15286,0.05024,0.0,9744870.0,0.15294,0.98071,0.86477,0.29486,13.85964,0.05329,0.0,9744870.0,0.16116,0.97927,0.8582,0.28357,1.51164,0.48837,1.79218,0.20782,1.67844,0.32157,1.56113,0.43885,1.6143,0.38569
86.0,258.38021,3366.53139,0.93515,0.01908,3e-05,9744870.0,0.3772,0.99212,0.98326,0.69185,13.14644,0.0503,0.0,9744870.0,0.15287,0.98072,0.86453,0.29488,13.866,0.05333,0.0,9744870.0,0.16123,0.97932,0.85804,0.28348,1.51167,0.48832,1.79206,0.20794,1.67806,0.32196,1.56061,0.43938,1.61415,0.38585
87.0,259.3996,3107.62685,0.86323,0.01902,2e-05,9744870.0,0.37868,0.99216,0.98339,0.69285,13.23022,0.05037,0.0,9744870.0,0.15384,0.98071,0.86445,0.29479,13.953,0.05342,0.0,9744870.0,0.16224,0.97926,0.85802,0.28303,1.51178,0.48822,1.792,0.208,1.67782,0.32218,1.56028,0.43972,1.61376,0.38624
88.0,257.04415,2848.42005,0.79123,0.01897,2e-05,9744870.0,0.37525,0.99216,0.98351,0.69509,13.12966,0.05042,0.0,9744870.0,0.15267,0.98067,0.86439,0.29472,14.54787,0.05347,0.0,9744870.0,0.16916,0.97926,0.85788,0.28316,1.51166,0.48834,1.79197,0.20803,1.67747,0.32254,1.55987,0.44013,1.61338,0.38661
89.0,257.66036,2589.32978,0.71926,0.01894,2e-05,9744870.0,0.37615,0.99216,0.98358,0.69478,13.11789,0.05052,0.0,9744870.0,0.15253,0.98061,0.8643,0.2949,13.86026,0.05357,0.0,9744870.0,0.16116,0.97921,0.85778,0.28329,1.51161,0.48839,1.79189,0.20811,1.67716,0.32285,1.55949,0.4405,1.61293,0.38707
90.0,257.57895,2330.26289,0.6473,0.0189,1e-05,9744870.0,0.37603,0.99218,0.98368,0.69605,13.06714,0.05049,0.0,9744870.0,0.15194,0.98069,0.86419,0.29467,13.77504,0.05355,0.0,9744870.0,0.16018,0.97922,0.85769,0.28341,1.51162,0.48838,1.7917,0.20829,1.67691,0.3231,1.55914,0.44086,1.61275,0.38725
91.0,256.80277,2071.16085,0.57532,0.01887,1e-05,9744870.0,0.3749,0.99221,0.98374,0.69703,13.0448,0.05054,0.0,9744870.0,0.15168,0.98066,0.86401,0.29462,13.74891,0.0536,0.0,9744870.0,0.15987,0.9792,0.85756,0.28329,1.5115,0.48851,1.79165,0.20834,1.67663,0.32339,1.55888,0.44112,1.61263,0.38737
92.0,257.70923,1812.17648,0.50338,0.01884,1e-05,9744870.0,0.37622,0.99221,0.9838,0.69768,13.06108,0.05056,0.0,9744870.0,0.15187,0.98065,0.86416,0.29483,13.76504,0.05362,0.0,9744870.0,0.16006,0.97918,0.85767,0.28342,1.51153,0.48847,1.7916,0.2084,1.67648,0.32354,1.55869,0.44131,1.61241,0.3876
93.0,256.48363,1553.14102,0.43143,0.01882,1e-05,9744870.0,0.37443,0.99222,0.98381,0.69856,13.7615,0.05056,0.0,9744870.0,0.16002,0.98068,0.86402,0.29468,13.76202,0.05363,0.0,9744870.0,0.16002,0.97925,0.85758,0.28339,1.51147,0.48854,1.79151,0.20849,1.67626,0.32375,1.55852,0.44147,1.61227,0.38773
94.0,256.69454,1294.17038,0.35949,0.0188,0.0,9744870.0,0.37474,0.99226,0.98393,0.69875,13.06375,0.05057,0.0,9744870.0,0.1519,0.98069,0.86398,0.29476,13.98806,0.05364,0.0,9744870.0,0.16265,0.97925,0.85744,0.28337,1.51148,0.4885,1.79143,0.20857,1.67616,0.32385,1.55842,0.44159,1.61213,0.38786
95.0,257.54965,1035.28278,0.28758,0.01879,0.0,9744870.0,0.37599,0.99225,0.98403,0.69918,13.16069,0.05055,0.0,9744870.0,0.15303,0.98067,0.86393,0.29453,13.85317,0.05362,0.0,9744870.0,0.16108,0.97927,0.85743,0.28324,1.51143,0.48857,1.79142,0.20858,1.67602,0.32399,1.55827,0.44172,1.61204,0.38796
96.0,258.01273,776.4371,0.21568,0.01877,0.0,9744870.0,0.37666,0.99227,0.98403,0.70002,13.09876,0.05058,0.0,9744870.0,0.15231,0.98069,0.86397,0.29454,13.83378,0.05366,0.0,9744870.0,0.16086,0.97924,0.85742,0.28338,1.51142,0.48858,1.79141,0.20858,1.67603,0.32397,1.55816,0.44183,1.61196,0.38803
97.0,259.43067,517.63735,0.14379,0.01877,0.0,9744870.0,0.37873,0.99227,0.984,0.6997,13.22061,0.05059,0.0,9744870.0,0.15373,0.98068,0.86396,0.29459,13.88957,0.05366,0.0,9744870.0,0.16151,0.97923,0.85739,0.28335,1.51144,0.48856,1.79141,0.20858,1.676,0.32402,1.55812,0.44188,1.61192,0.38808
98.0,258.97674,258.82027,0.0719,0.01876,0.0,9744870.0,0.37807,0.99227,0.98401,0.69993,13.93869,0.05058,0.0,9744870.0,0.16208,0.98068,0.86392,0.2944,13.93611,0.05365,0.0,9744870.0,0.16205,0.97926,0.85733,0.28325,1.51146,0.48855,1.79143,0.20857,1.67595,0.32406,1.55809,0.44191,1.61191,0.38809
99.0,259.27649,0.0,0.0,0.01875,0.0,9744870.0,0.37851,0.99225,0.98405,0.70006,13.31467,0.05061,0.0,9744870.0,0.15482,0.98065,0.8639,0.29446,14.15989,0.05369,0.0,9744870.0,0.16465,0.97919,0.85733,0.28324,1.51145,0.48855,1.79142,0.20858,1.67595,0.32405,1.55808,0.44192,1.6119,0.3881
0.0,67.94053,6726.11284,1.86836,0.00087,0.0,0.0,0.09918,0.0052,0.00889,0.00111,0.84238,0.00353,0.0,0.0,0.0098,0.01691,0.00897,0.00144,2.0039,0.00376,0.0,0.0,0.0233,0.0178,0.00882,0.00106,0.0,0.0,0.0,0.0,0.0,0.0,0.0,0.0,0.0,0.0
0.0,2.51502,3301.55671,0.9171,0.00478,0.0,0.0,0.00367,0.00253,0.00139,0.00029,0.22622,0.01397,0.0,0.0,0.00263,0.00228,0.02305,0.00197,0.19709,0.01495,0.0,0.0,0.00229,0.00242,0.02522,0.00238,0.0,0.0,0.0,0.0,0.0,0.0,0.0,0.0,0.0,0.0
0.0,2.82361,2149.13707,0.59698,0.00178,0.0,0.0,0.00412,0.00017,0.00253,0.00089,0.9568,0.00213,0.0,0.0,0.01113,0.00032,0.01349,0.00151,0.19568,0.00159,0.0,0.0,0.00228,0.00034,0.01248,0.00184,0.00393,0.00393,0.00766,0.00766,0.00654,0.00654,0.00468,0.00468,0.00595,0.00595
0.0,2.32048,1582.0687,0.43946,0.00043,0.0,0.0,0.00339,0.00013,0.00571,0.003,0.23491,0.00056,0.0,0.0,0.00273,0.00023,0.00763,0.00447,0.68397,0.00046,0.0,0.0,0.00795,0.00016,0.00704,0.00538,0.00442,0.00442,0.00807,0.00807,0.00736,0.00736,0.00508,0.00508,0.00746,0.00746
0.0,2.42708,1254.61109,0.3485,0.00021,0.0,0.0,0.00354,0.00011,0.00407,0.00243,0.25352,0.00074,0.0,0.0,0.00295,0.00041,0.00302,0.00309,0.22084,0.00068,0.0,0.0,0.00257,0.00046,0.00258,0.00313,0.00453,0.00453,0.00896,0.00897,0.00768,0.00768,0.00707,0.00707,0.00623,0.00623
0.0,3.18651,1021.78448,0.28383,0.00014,0.0,0.0,0.00465,9e-05,0.002,0.00227,0.21378,0.00111,0.0,0.0,0.00249,0.00055,0.00568,0.00486,0.18572,0.001,0.0,0.0,0.00216,0.0006,0.00416,0.00487,0.00528,0.00528,0.00956,0.00956,0.00952,0.00952,0.00786,0.00786,0.00968,0.00968
0.0,3.02589,861.2501,0.23924,0.00011,0.0,0.0,0.00442,6e-05,0.00121,0.00198,0.20158,0.00112,0.0,0.0,0.00234,0.00056,0.0033,0.00448,0.19825,0.00101,0.0,0.0,0.00231,0.00056,0.00247,0.00533,0.00618,0.00618,0.0118,0.01178,0.01356,0.01356,0.01017,0.01017,0.01635,0.01635
0.0,2.39763,757.39907,0.21039,9e-05,0.0,0.0,0.0035,4e-05,0.0009,0.00172,0.62178,0.00061,0.0,0.0,0.00723,0.0005,0.00301,0.00358,0.33996,0.00053,0.0,0.0,0.00395,0.00048,0.00256,0.00285,0.00747,0.00747,0.01572,0.01572,0.01915,0.01915,0.0154,0.0154,0.02264,0.02264
0.0,3.47415,663.21968,0.18423,0.00011,0.0,0.0,0.00507,6e-05,0.00105,0.00261,0.19827,0.0005,0.0,0.0,0.00231,0.00049,0.0013,0.00207,0.53059,0.00052,0.0,0.0,0.00617,0.00042,0.00125,0.00287,0.00832,0.00829,0.02184,0.02184,0.02813,0.02813,0.02053,0.02053,0.0281,0.0281
0.0,1.74768,597.85387,0.16607,0.00012,0.0,0.0,0.00255,9e-05,0.00098,0.00273,0.19125,0.00069,0.0,0.0,0.00222,0.0006,0.00213,0.00573,0.91206,0.00071,0.0,0.0,0.01061,0.00055,0.00209,0.0072,0.0095,0.0095,0.0312,0.03119,0.03843,0.03841,0.0239,0.0239,0.03434,0.03433
0.0,2.52108,538.15705,0.14949,0.00013,0.0,0.0,0.00368,7e-05,0.00122,0.00298,0.22182,0.00035,0.0,0.0,0.00258,0.00015,0.00173,0.007,0.20354,0.00037,0.0,0.0,0.00237,0.00021,0.00168,0.00581,0.01002,0.01,0.04137,0.04137,0.0486,0.0486,0.02505,0.02506,0.03682,0.03682
0.0,1.97955,492.47655,0.1368,0.00014,0.0,0.0,0.00289,8e-05,0.00136,0.00281,0.1785,0.00044,0.0,0.0,0.00208,0.00034,0.00158,0.00565,0.17427,0.00046,0.0,0.0,0.00203,0.00034,0.00198,0.00456,0.01012,0.01012,0.04985,0.04985,0.0548,0.0548,0.02643,0.02643,0.03832,0.03832
0.0,2.99092,456.18812,0.12672,0.00015,0.0,0.0,0.00437,7e-05,0.00125,0.00344,0.23174,0.00034,0.0,0.0,0.00269,0.00021,0.00212,0.00483,0.21785,0.00043,0.0,0.0,0.00253,0.00037,0.0021,0.00557,0.01156,0.01156,0.0536,0.0536,0.05639,0.05639,0.02332,0.02331,0.03868,0.03869
0.0,2.44224,421.69748,0.11714,0.00014,0.0,0.0,0.00356,8e-05,0.00107,0.00461,0.4037,0.0007,0.0,0.0,0.0047,0.00054,0.00154,0.0059,0.21231,0.00066,0.0,0.0,0.00247,0.00052,0.00172,0.00397,0.0129,0.01289,0.05112,0.05112,0.05073,0.05073,0.0234,0.0234,0.03822,0.03822
0.0,3.0806,399.45389,0.11096,0.00014,0.0,0.0,0.0045,7e-05,0.00116,0.00439,0.23403,0.00035,0.0,0.0,0.00272,0.00023,0.00157,0.00463,0.91913,0.00032,0.0,0.0,0.01069,0.00027,0.0013,0.00411,0.01403,0.01402,0.04662,0.04662,0.04349,0.04349,0.02326,0.02324,0.03759,0.03758
0.0,2.08146,375.78863,0.10439,0.00012,0.0,0.0,0.00304,6e-05,0.00083,0.00357,0.23385,0.00035,0.0,0.0,0.00272,0.0003,0.00118,0.004,0.20912,0.00036,0.0,0.0,0.00243,0.00034,0.00174,0.00297,0.01708,0.01708,0.03864,0.03864,0.03819,0.03819,0.02095,0.02095,0.03552,0.03552
0.0,2.48682,355.60105,0.09878,0.00013,0.0,0.0,0.00363,6e-05,0.00107,0.00364,0.26528,0.00054,0.0,0.0,0.00309,0.0004,0.00205,0.00531,0.24314,0.00053,0.0,0.0,0.00283,0.0004,0.00249,0.00455,0.01521,0.01521,0.03521,0.03521,0.03534,0.03534,0.01875,0.01873,0.034,0.03399
0.0,3.02925,340.07411,0.09447,0.00012,0.0,0.0,0.00442,7e-05,0.001,0.00382,0.21626,0.0003,0.0,0.0,0.00251,0.0002,0.00142,0.00479,0.20421,0.00023,0.0,0.0,0.00237,0.00021,0.00153,0.00338,0.0183,0.0183,0.03188,0.03188,0.03213,0.03213,0.01865,0.01864,0.03258,0.03257
0.0,2.35031,321.90151,0.08942,0.0001,0.0,0.0,0.00343,5e-05,0.00098,0.00359,0.39853,0.00074,0.0,0.0,0.00463,0.00049,0.0016,0.00445,0.18773,0.00073,0.0,0.0,0.00218,0.00055,0.00216,0.00529,0.01726,0.01726,0.0291,0.02911,0.02661,0.0266,0.01766,0.01765,0.03203,0.03203
0.0,2.84696,307.78434,0.08549,0.00011,0.0,0.0,0.00416,6e-05,0.001,0.00331,0.9047,0.00014,0.0,0.0,0.01052,0.00025,0.00138,0.00391,0.20727,0.00018,0.0,0.0,0.00241,0.00027,0.00117,0.00279,0.01718,0.01719,0.02864,0.02864,0.02571,0.02571,0.01769,0.01769,0.02952,0.02952
0.0,2.58244,292.84042,0.08134,0.0001,0.0,0.0,0.00377,6e-05,0.00092,0.00246,0.20959,0.0003,0.0,0.0,0.00244,0.00033,0.00105,0.00439,0.20641,0.00034,0.0,0.0,0.0024,0.00032,0.00151,0.00216,0.01642,0.01642,0.02779,0.0278,0.02413,0.02414,0.01662,0.0166,0.02768,0.02768
0.0,3.21072,283.07034,0.07863,0.00011,0.0,0.0,0.00469,6e-05,0.00089,0.00301,0.19369,0.00028,0.0,0.0,0.00225,0.00025,0.00147,0.0022,0.17849,0.00027,0.0,0.0,0.00208,0.00038,0.00181,0.00344,0.01758,0.01758,0.02453,0.02453,0.02145,0.02144,0.01638,0.01638,0.02652,0.02652
0.0,2.47522,272.95399,0.07582,9e-05,0.0,0.0,0.00361,6e-05,0.00072,0.0027,0.14807,0.00036,0.0,0.0,0.00172,0.00027,0.00176,0.00321,0.17746,0.00036,0.0,0.0,0.00206,0.00029,0.00222,0.00439,0.01617,0.01617,0.02401,0.02401,0.02161,0.02159,0.0161,0.01609,0.02366,0.02364
0.0,2.89948,263.7909,0.07328,0.0001,0.0,0.0,0.00423,6e-05,0.00083,0.00291,0.44363,0.00033,0.0,0.0,0.00516,0.00029,0.00165,0.00395,0.21237,0.00029,0.0,0.0,0.00247,0.00022,0.00104,0.00236,0.01896,0.01896,0.02215,0.02216,0.02165,0.02163,0.01503,0.01503,0.02668,0.02668
0.0,3.00097,256.69323,0.0713,0.0001,0.0,0.0,0.00438,7e-05,0.00079,0.00311,0.98394,0.00025,0.0,0.0,0.01144,0.0002,0.00091,0.00294,0.20219,0.00027,0.0,0.0,0.00235,0.00027,0.00101,0.00341,0.01731,0.01731,0.02254,0.02255,0.02122,0.02121,0.01729,0.01727,0.02451,0.0245
0.0,2.36339,247.89411,0.06886,0.0001,0.0,0.0,0.00345,5e-05,0.00083,0.00257,0.24151,0.00029,0.0,0.0,0.00281,0.00024,0.0015,0.00205,0.91642,0.00028,0.0,0.0,0.01066,0.00022,0.00132,0.00314,0.0172,0.0172,0.0203,0.0203,0.02217,0.02217,0.0156,0.0156,0.02282,0.02283
0.0,3.0855,238.41526,0.06623,0.00011,0.0,0.0,0.0045,7e-05,0.00092,0.00313,0.25222,0.00033,0.0,0.0,0.00293,0.00026,0.00159,0.00288,0.23799,0.00029,0.0,0.0,0.00277,0.00027,0.00159,0.00223,0.01765,0.01763,0.02054,0.02054,0.02049,0.02049,0.01653,0.01653,0.02148,0.02148
0.0,2.74684,230.79661,0.06411,0.0001,0.0,0.0,0.00401,6e-05,0.00076,0.00333,0.2527,0.00031,0.0,0.0,0.00294,0.00027,0.00111,0.00269,0.22698,0.00033,0.0,0.0,0.00264,0.00017,0.00162,0.00286,0.01695,0.01695,0.0259,0.0259,0.02314,0.02314,0.01541,0.01541,0.02222,0.02223
0.0,2.73286,222.38624,0.06177,0.0001,0.0,0.0,0.00399,5e-05,0.00091,0.00424,0.24517,0.00044,0.0,0.0,0.00285,0.00031,0.00089,0.00372,0.22608,0.00043,0.0,0.0,0.00263,0.00042,0.00109,0.00368,0.01746,0.01746,0.02386,0.02387,0.02254,0.02254,0.01549,0.01549,0.02127,0.02125
0.0,2.92796,216.38306,0.06011,9e-05,0.0,0.0,0.00427,6e-05,0.00068,0.00335,1.06116,0.00033,0.0,0.0,0.01234,0.00016,0.00185,0.00324,0.22087,0.0003,0.0,0.0,0.00257,0.00025,0.0012,0.00257,0.01539,0.0154,0.02577,0.02578,0.02,0.02,0.01594,0.01593,0.02118,0.02118
0.0,2.73156,209.16142,0.0581,9e-05,0.0,0.0,0.00399,5e-05,0.00068,0.00234,0.22747,0.00025,0.0,0.0,0.00264,0.00025,0.00191,0.00262,0.89504,0.00026,0.0,0.0,0.01041,0.00019,0.00096,0.00175,0.01549,0.01549,0.02293,0.02293,0.02188,0.02188,0.0156,0.0156,0.02254,0.02252
0.0,2.86575,201.20941,0.05589,0.0001,0.0,0.0,0.00418,7e-05,0.00065,0.00326,0.2038,0.00024,0.0,0.0,0.00237,0.00012,0.00119,0.0037,0.22521,0.00026,0.0,0.0,0.00262,0.00022,0.00143,0.002,0.01803,0.01805,0.025,0.025,0.0214,0.0214,0.01741,0.01738,0.02234,0.02234
0.0,2.15284,194.37416,0.05399,9e-05,0.0,0.0,0.00314,6e-05,0.00072,0.00256,0.21433,0.00029,0.0,0.0,0.00249,0.00027,0.00172,0.0041,0.20365,0.00028,0.0,0.0,0.00237,0.00029,0.00136,0.00304,0.01724,0.01724,0.02614,0.02613,0.02225,0.02225,0.01762,0.01762,0.02201,0.02201
0.0,2.61649,188.27786,0.0523,8e-05,0.0,0.0,0.00382,4e-05,0.00068,0.00279,0.23399,0.00026,0.0,0.0,0.00272,0.00018,0.00159,0.0019,0.19984,0.00033,0.0,0.0,0.00233,0.00025,0.00136,0.00294,0.01769,0.01769,0.02584,0.02587,0.02203,0.02204,0.01716,0.01716,0.02128,0.02126
0.0,2.5676,183.02779,0.05084,8e-05,0.0,0.0,0.00375,6e-05,0.00076,0.00314,0.18286,0.0003,0.0,0.0,0.00213,0.00024,0.0015,0.00194,0.18229,0.00031,0.0,0.0,0.00212,0.00025,0.00194,0.0038,0.01624,0.01623,0.02476,0.02476,0.02127,0.02125,0.01692,0.0169,0.02206,0.02206
0.0,2.32301,178.24309,0.04951,9e-05,0.0,0.0,0.00339,4e-05,0.00048,0.00292,0.221,0.00024,0.0,0.0,0.00257,0.00024,0.00158,0.00421,0.91519,0.00028,0.0,0.0,0.01064,0.0002,0.00215,0.00307,0.01581,0.01581,0.02371,0.02371,0.02051,0.02051,0.01739,0.01739,0.02347,0.02347
0.0,2.78697,173.92107,0.04831,8e-05,0.0,0.0,0.00407,5e-05,0.00067,0.00366,0.20897,0.00029,0.0,0.0,0.00243,0.00024,0.00138,0.00327,0.22732,0.00031,0.0,0.0,0.00264,0.00023,0.00186,0.00315,0.01589,0.01589,0.02391,0.02391,0.02055,0.02053,0.0163,0.0163,0.02125,0.02125
0.0,3.21621,170.80919,0.04745,0.0001,0.0,0.0,0.0047,7e-05,0.00072,0.00306,0.26133,0.00017,0.0,0.0,0.00304,0.00012,0.00212,0.00329,0.2472,0.0002,0.0,0.0,0.00288,0.00022,0.0019,0.00238,0.01544,0.01544,0.02686,0.02686,0.02155,0.02155,0.01685,0.01685,0.02165,0.02164
0.0,3.24635,166.45898,0.04624,9e-05,0.0,0.0,0.00474,6e-05,0.00069,0.0026,0.24023,0.00022,0.0,0.0,0.00279,0.00024,0.00127,0.00347,0.21047,0.00019,0.0,0.0,0.00245,0.00024,0.00212,0.00294,0.01453,0.01453,0.02691,0.02691,0.02131,0.0213,0.01732,0.01731,0.02359,0.02359
0.0,2.60934,162.74699,0.04521,8e-05,0.0,0.0,0.00381,5e-05,0.00058,0.00208,0.22661,0.0002,0.0,0.0,0.00263,0.00023,0.001,0.00341,0.17794,0.00023,0.0,0.0,0.00207,0.00019,0.00199,0.00193,0.01311,0.01311,0.02621,0.02621,0.02082,0.02082,0.01667,0.01667,0.02065,0.02065
0.0,2.10887,158.50679,0.04403,8e-05,0.0,0.0,0.00308,3e-05,0.0006,0.00251,0.20394,0.00025,0.0,0.0,0.00237,0.00018,0.00167,0.00318,0.84883,0.00026,0.0,0.0,0.00987,0.00019,0.00236,0.00283,0.0132,0.0132,0.02592,0.02592,0.0225,0.0225,0.01724,0.01724,0.02184,0.02184
0.0,2.98923,154.42466,0.04289,8e-05,0.0,0.0,0.00436,7e-05,0.00054,0.00275,0.21748,0.00023,0.0,0.0,0.00253,0.00018,0.00107,0.0019,0.19957,0.00017,0.0,0.0,0.00232,0.00014,0.00143,0.00207,0.01396,0.01396,0.02727,0.02727,0.02231,0.02231,0.01591,0.01591,0.02211,0.02211
0.0,2.81338,150.9277,0.04193,8e-05,0.0,0.0,0.00411,5e-05,0.00054,0.00237,0.21824,0.00024,0.0,0.0,0.00254,0.00023,0.00113,0.00183,0.21007,0.00027,0.0,0.0,0.00244,0.00035,0.00157,0.00186,0.01222,0.01222,0.02792,0.02792,0.02261,0.02261,0.01801,0.01799,0.02116,0.02116
0.0,2.75319,146.58836,0.04072,9e-05,0.0,0.0,0.00402,5e-05,0.00073,0.00412,0.20817,0.00032,0.0,0.0,0.00242,0.00031,0.00162,0.00372,0.21597,0.0003,0.0,0.0,0.00251,0.00029,0.00164,0.00353,0.01211,0.01209,0.02897,0.02897,0.02277,0.02277,0.01595,0.01595,0.02208,0.02208
0.0,2.40964,142.27403,0.03952,8e-05,0.0,0.0,0.00352,3e-05,0.00066,0.00258,0.2262,0.0002,0.0,0.0,0.00263,0.00022,0.00098,0.00354,0.23992,0.00015,0.0,0.0,0.00279,0.00022,0.00134,0.00258,0.01334,0.01334,0.02594,0.02592,0.02478,0.02478,0.01666,0.01666,0.02238,0.02238
0.0,3.17649,138.47545,0.03847,9e-05,0.0,0.0,0.00464,6e-05,0.00065,0.00232,0.85733,0.00021,0.0,0.0,0.00997,0.00016,0.00175,0.00265,0.2191,0.00012,0.0,0.0,0.00255,0.00022,0.00126,0.00308,0.01216,0.01216,0.02505,0.02505,0.02345,0.02345,0.0169,0.01688,0.02309,0.02309
0.0,2.78031,134.7938,0.03744,8e-05,0.0,0.0,0.00406,7e-05,0.00056,0.00276,0.23237,0.00021,0.0,0.0,0.0027,0.00021,0.00163,0.0032,0.41561,0.00029,0.0,0.0,0.00483,0.00025,0.00213,0.00257,0.01252,0.01252,0.02611,0.0261,0.02402,0.02402,0.01764,0.01765,0.02193,0.02193
0.0,3.11678,131.99588,0.03667,8e-05,0.0,0.0,0.00455,8e-05,0.00048,0.00239,0.24926,0.00019,0.0,0.0,0.0029,0.00014,0.00172,0.00304,0.23118,0.00021,0.0,0.0,0.00269,9e-05,0.00129,0.00279,0.01269,0.01269,0.02601,0.02601,0.02433,0.02433,0.01826,0.01826,0.02271,0.02269
0.0,2.41972,128.73632,0.03576,9e-05,0.0,0.0,0.00353,3e-05,0.00065,0.00179,0.25745,0.00016,0.0,0.0,0.00299,0.00025,0.00219,0.00211,0.21637,0.00019,0.0,0.0,0.00252,0.00023,0.00126,0.00199,0.01205,0.01205,0.02666,0.02668,0.02312,0.02311,0.01675,0.01675,0.02196,0.02196
0.0,2.98644,125.79099,0.03494,8e-05,0.0,0.0,0.00436,4e-05,0.00056,0.00244,0.20412,0.00023,0.0,0.0,0.00238,0.00031,0.00189,0.00215,0.19762,0.00024,0.0,0.0,0.0023,0.00022,0.00145,0.00202,0.01317,0.01318,0.02385,0.02385,0.02325,0.02325,0.01726,0.01726,0.02299,0.02298
0.0,2.56806,122.69669,0.03408,9e-05,0.0,0.0,0.00375,3e-05,0.00056,0.00323,0.93786,0.00028,0.0,0.0,0.01091,0.00017,0.00136,0.00227,0.37456,0.00028,0.0,0.0,0.00436,0.00018,0.00148,0.00209,0.01245,0.01244,0.0242,0.0242,0.02457,0.02457,0.01754,0.01754,0.02288,0.02288
0.0,4.26168,120.58124,0.0335,7e-05,0.0,0.0,0.00622,5e-05,0.00057,0.00288,0.30934,0.00021,0.0,0.0,0.0036,0.00017,0.00167,0.00135,0.52787,0.00022,0.0,0.0,0.00614,0.00017,0.00136,0.00338,0.01226,0.01226,0.0238,0.0238,0.02657,0.02657,0.01759,0.01758,0.02237,0.02237
0.0,3.32132,117.94813,0.03276,8e-05,0.0,0.0,0.00485,4e-05,0.00051,0.00277,0.24323,0.00018,0.0,0.0,0.00283,0.00015,0.00182,0.00257,1.01478,0.0002,0.0,0.0,0.0118,0.00016,0.00154,0.00201,0.01204,0.01204,0.02526,0.02525,0.02484,0.02484,0.0171,0.0171,0.02293,0.02293
0.0,3.54179,115.31229,0.03203,8e-05,0.0,0.0,0.00517,3e-05,0.00055,0.00282,0.25068,0.00026,0.0,0.0,0.00291,0.00025,0.00204,0.00207,0.24797,0.00029,0.0,0.0,0.00288,0.00028,0.0014,0.00111,0.01086,0.01086,0.02463,0.02465,0.02438,0.02437,0.01741,0.01741,0.02248,0.02248
0.0,3.11961,112.64264,0.03129,8e-05,0.0,0.0,0.00455,4e-05,0.00044,0.00288,0.26955,0.00025,0.0,0.0,0.00313,0.00028,0.00199,0.00247,0.27618,0.00021,0.0,0.0,0.00321,0.00023,0.00116,0.00236,0.01121,0.0112,0.02688,0.02687,0.02521,0.02522,0.01758,0.01758,0.02283,0.02283
0.0,3.41786,109.59527,0.03044,8e-05,0.0,0.0,0.00499,5e-05,0.0005,0.00263,0.24974,0.00024,0.0,0.0,0.0029,0.00023,0.0016,0.0024,0.27004,0.00023,0.0,0.0,0.00314,0.00016,0.00148,0.00315,0.01114,0.01114,0.02606,0.02606,0.02704,0.02704,0.01902,0.01902,0.02211,0.02211
0.0,2.92091,106.86139,0.02968,8e-05,0.0,0.0,0.00427,6e-05,0.00041,0.00219,0.26629,0.00022,0.0,0.0,0.00309,0.00026,0.00152,0.00276,0.46139,0.00019,0.0,0.0,0.00537,0.00029,0.0017,0.00241,0.01178,0.01179,0.02491,0.02491,0.02657,0.02657,0.01848,0.01848,0.02202,0.02202
0.0,2.74826,104.19307,0.02894,9e-05,0.0,0.0,0.00401,5e-05,0.00056,0.00244,0.26921,0.00017,0.0,0.0,0.00313,0.00023,0.00154,0.00233,0.90513,0.00024,0.0,0.0,0.01052,0.00023,0.00231,0.00264,0.01132,0.01133,0.02692,0.02694,0.0262,0.02619,0.01811,0.0181,0.02209,0.02209
0.0,3.04397,101.45489,0.02818,7e-05,0.0,0.0,0.00444,4e-05,0.00038,0.00196,0.2358,0.00026,0.0,0.0,0.00274,0.0002,0.00171,0.00195,0.21446,0.00027,0.0,0.0,0.00249,0.00018,0.00167,0.00345,0.01061,0.01062,0.02685,0.02685,0.02757,0.02757,0.01833,0.01833,0.02285,0.02285
0.0,2.77601,98.81591,0.02745,8e-05,0.0,0.0,0.00405,4e-05,0.00042,0.00311,0.2452,0.00026,0.0,0.0,0.00285,0.00017,0.00193,0.00241,0.21428,0.00025,0.0,0.0,0.00249,0.00019,0.00119,0.00324,0.01033,0.01032,0.02674,0.02674,0.02677,0.02676,0.01843,0.01843,0.0218,0.0218
0.0,3.39443,96.57541,0.02683,8e-05,0.0,0.0,0.00496,5e-05,0.00045,0.00272,0.22972,0.00016,0.0,0.0,0.00267,0.00018,0.0016,0.00229,0.25067,0.00021,0.0,0.0,0.00292,0.00015,0.00106,0.00257,0.01059,0.01059,0.02658,0.02658,0.02783,0.02783,0.01868,0.01868,0.02167,0.02168
0.0,3.23172,94.1817,0.02616,9e-05,0.0,0.0,0.00472,6e-05,0.00043,0.00291,0.46753,0.00022,0.0,0.0,0.00544,0.00017,0.00205,0.00251,0.27149,0.00026,0.0,0.0,0.00316,0.00016,0.00135,0.003,0.01082,0.01082,0.0274,0.0274,0.02798,0.02797,0.01755,0.01755,0.02197,0.02198
0.0,3.19315,91.71792,0.02548,9e-05,0.0,0.0,0.00466,4e-05,0.00036,0.003,0.21954,0.00035,0.0,0.0,0.00255,0.00017,0.0021,0.00178,0.95874,0.00039,0.0,0.0,0.01115,0.00015,0.00105,0.00195,0.01094,0.01094,0.02649,0.02649,0.02812,0.0281,0.01813,0.01813,0.02267,0.02267
0.0,2.19161,88.62681,0.02462,8e-05,0.0,0.0,0.0032,6e-05,0.00041,0.00247,0.19862,0.00025,0.0,0.0,0.00231,0.00021,0.00189,0.00293,0.17258,0.0003,0.0,0.0,0.00201,0.00023,0.00133,0.00291,0.01071,0.01069,0.0261,0.02611,0.02794,0.02795,0.01855,0.01854,0.02286,0.02286
0.0,2.08763,85.56584,0.02377,9e-05,0.0,0.0,0.00305,6e-05,0.00043,0.00291,0.20311,0.00022,0.0,0.0,0.00236,0.00028,0.00144,0.00181,0.22265,0.00029,0.0,0.0,0.00259,0.00024,0.00104,0.0026,0.01087,0.01087,0.02529,0.02529,0.02781,0.0278,0.01874,0.01874,0.02192,0.02192
0.0,2.34834,82.68051,0.02297,9e-05,0.0,0.0,0.00343,6e-05,0.00044,0.00305,0.20694,0.00018,0.0,0.0,0.0024,0.00021,0.00154,0.00187,0.19247,0.00022,0.0,0.0,0.00224,0.00017,0.00142,0.00208,0.01062,0.01062,0.02564,0.02564,0.02795,0.02794,0.01982,0.01982,0.02207,0.02206
0.0,2.46364,79.7258,0.02215,8e-05,0.0,0.0,0.0036,4e-05,0.00039,0.00272,0.45619,0.00026,0.0,0.0,0.0053,0.00025,0.00129,0.00241,0.2088,0.00024,0.0,0.0,0.00243,0.00026,0.00126,0.00213,0.00986,0.00986,0.02536,0.02536,0.0288,0.02879,0.02015,0.02013,0.02222,0.02222
0.0,2.55503,76.99305,0.02139,8e-05,0.0,0.0,0.00373,2e-05,0.00034,0.00219,0.94834,0.00027,0.0,0.0,0.01103,0.0002,0.00182,0.00282,0.22653,0.00026,0.0,0.0,0.00263,0.00023,0.0014,0.00297,0.01021,0.01022,0.02709,0.02709,0.02928,0.02928,0.01979,0.01979,0.02201,0.02201
0.0,2.42117,74.16844,0.0206,7e-05,0.0,0.0,0.00354,4e-05,0.00035,0.00196,0.22443,0.00031,0.0,0.0,0.00261,0.0003,0.00131,0.00252,0.20765,0.0003,0.0,0.0,0.00242,0.00023,0.0014,0.00254,0.01,0.01,0.02647,0.02647,0.02932,0.02932,0.01977,0.01977,0.02254,0.02254
0.0,3.32351,71.69283,0.01992,8e-05,0.0,0.0,0.00485,7e-05,0.00039,0.00313,0.24271,0.00024,0.0,0.0,0.00282,0.00029,0.00133,0.00253,0.22231,0.00026,0.0,0.0,0.00258,0.00025,0.00184,0.00265,0.00991,0.00991,0.02673,0.0267,0.03056,0.03056,0.01881,0.01881,0.02276,0.02274
0.0,3.30952,69.26922,0.01924,8e-05,0.0,0.0,0.00483,3e-05,0.00041,0.00181,0.22502,0.00029,0.0,0.0,0.00262,0.00023,0.00157,0.00234,0.26106,0.00022,0.0,0.0,0.00304,0.00025,0.00151,0.00191,0.01021,0.01021,0.02731,0.02731,0.03031,0.03032,0.01939,0.01939,0.02273,0.02273
0.0,2.78133,66.81115,0.01856,9e-05,0.0,0.0,0.00406,5e-05,0.00036,0.00268,0.47544,0.00023,0.0,0.0,0.00553,0.00021,0.00135,0.00256,0.22706,0.00022,0.0,0.0,0.00264,0.00016,0.00178,0.00272,0.00949,0.00949,0.02686,0.02686,0.03033,0.03033,0.01992,0.01992,0.02218,0.02219
0.0,3.32673,64.46583,0.01791,9e-05,0.0,0.0,0.00486,5e-05,0.0004,0.00315,0.92101,0.00019,0.0,0.0,0.01071,0.00015,0.00213,0.00236,0.21771,0.00017,0.0,0.0,0.00253,0.0002,0.00168,0.00324,0.00991,0.00991,0.02722,0.02722,0.03115,0.03116,0.01978,0.01976,0.02308,0.02308
0.0,2.51703,61.92064,0.0172,8e-05,0.0,0.0,0.00367,6e-05,0.00033,0.00222,0.22773,0.00026,0.0,0.0,0.00265,0.00021,0.00156,0.0019,0.22584,0.00025,0.0,0.0,0.00263,0.00016,0.00154,0.00227,0.00966,0.00966,0.02757,0.02756,0.03063,0.03063,0.01986,0.01985,0.02249,0.02249
0.0,3.73539,59.69569,0.01658,8e-05,0.0,0.0,0.00545,5e-05,0.00037,0.00284,0.23445,0.00029,0.0,0.0,0.00273,0.00029,0.00201,0.00261,0.21698,0.00025,0.0,0.0,0.00252,0.00015,0.0011,0.00293,0.0095,0.0095,0.02684,0.02684,0.03089,0.03088,0.0194,0.0194,0.02251,0.02251
0.0,2.86516,57.22081,0.01589,8e-05,0.0,0.0,0.00418,5e-05,0.00032,0.00277,0.23387,0.00023,0.0,0.0,0.00272,0.00022,0.00202,0.003,0.2278,0.0002,0.0,0.0,0.00265,0.00015,0.00156,0.00282,0.00947,0.00948,0.02661,0.02659,0.03084,0.03084,0.01959,0.01959,0.02276,0.02279
0.0,2.53816,54.71588,0.0152,8e-05,0.0,0.0,0.00371,5e-05,0.00035,0.00321,0.24259,0.00031,0.0,0.0,0.00282,0.0002,0.00214,0.0026,0.28445,0.00025,0.0,0.0,0.00331,0.00014,0.00163,0.00293,0.00996,0.00996,0.02726,0.02726,0.03106,0.03106,0.01957,0.01957,0.02236,0.02236
0.0,2.87431,52.27365,0.01452,9e-05,0.0,0.0,0.0042,5e-05,0.00029,0.00291,0.8749,0.00027,0.0,0.0,0.01017,0.00018,0.00193,0.0031,0.24548,0.00024,0.0,0.0,0.00285,0.00022,0.00157,0.00265,0.00975,0.00975,0.0273,0.0273,0.03067,0.03066,0.0196,0.01961,0.02186,0.02184
0.0,2.23524,49.717,0.01381,8e-05,0.0,0.0,0.00326,4e-05,0.00038,0.00303,0.23025,0.00024,0.0,0.0,0.00268,0.00018,0.00189,0.0028,0.97149,0.00021,0.0,0.0,0.0113,0.00014,0.00148,0.00272,0.00969,0.00968,0.02617,0.02614,0.03159,0.03158,0.01955,0.01955,0.02217,0.02217
0.0,2.61785,47.21691,0.01312,8e-05,0.0,0.0,0.00382,4e-05,0.00036,0.00242,0.23196,0.00021,0.0,0.0,0.0027,0.00019,0.00189,0.00272,0.23422,0.0002,0.0,0.0,0.00273,0.00011,0.00152,0.00271,0.00935,0.00933,0.0262,0.0262,0.03175,0.03174,0.02013,0.02013,0.02272,0.02272
0.0,2.61606,44.73241,0.01243,9e-05,0.0,0.0,0.00382,4e-05,0.00034,0.00239,0.2848,0.00022,0.0,0.0,0.00331,0.00019,0.00171,0.00229,0.27603,0.00019,0.0,0.0,0.00321,0.00021,0.00142,0.00291,0.00946,0.00945,0.02639,0.02639,0.03172,0.03172,0.02032,0.02033,0.02243,0.02243
0.0,3.4803,42.31992,0.01176,9e-05,0.0,0.0,0.00508,5e-05,0.00036,0.0025,0.23433,0.00029,0.0,0.0,0.00272,0.00021,0.00163,0.00238,0.23044,0.00027,0.0,0.0,0.00268,0.00021,0.00158,0.00303,0.00971,0.00972,0.02676,0.02676,0.03199,0.03198,0.01987,0.01987,0.0222,0.02218
0.0,3.43769,39.92055,0.01109,7e-05,0.0,0.0,0.00502,6e-05,0.00031,0.00235,0.24167,0.0002,0.0,0.0,0.00281,0.00015,0.00173,0.00319,0.27851,0.00019,0.0,0.0,0.00324,0.00021,0.00158,0.00292,0.00972,0.00972,0.02671,0.02671,0.03174,0.03173,0.01953,0.01953,0.02197,0.02196
0.0,2.93449,37.41955,0.0104,9e-05,0.0,0.0,0.00428,4e-05,0.00031,0.00227,0.28472,0.00028,0.0,0.0,0.00331,0.00022,0.00179,0.00281,0.86268,0.00026,0.0,0.0,0.01003,0.00019,0.00154,0.00275,0.0099,0.0099,0.02665,0.02665,0.03187,0.03185,0.01964,0.01964,0.02206,0.02206
0.0,3.20455,35.05659,0.00974,9e-05,0.0,0.0,0.00468,4e-05,0.0003,0.00311,0.22808,0.00025,0.0,0.0,0.00265,0.00023,0.00174,0.00293,0.2439,0.0002,0.0,0.0,0.00283,0.00023,0.00154,0.0031,0.00992,0.00992,0.02653,0.02653,0.03213,0.03213,0.01987,0.01986,0.02192,0.02192
0.0,2.63183,32.59491,0.00905,9e-05,0.0,0.0,0.00384,5e-05,0.00029,0.00297,0.19648,0.00026,0.0,0.0,0.00229,0.00025,0.00174,0.00292,0.20344,0.0002,0.0,0.0,0.00237,0.00023,0.00161,0.00296,0.00985,0.00986,0.02646,0.02646,0.0325,0.03249,0.02012,0.0201,0.02196,0.02196
0.0,2.27914,30.07438,0.00835,9e-05,0.0,0.0,0.00333,7e-05,0.00031,0.00304,0.24481,0.00022,0.0,0.0,0.00285,0.00017,0.00178,0.0027,0.24345,0.00021,0.0,0.0,0.00283,0.00018,0.00156,0.00276,0.0097,0.00971,0.02659,0.02659,0.03253,0.03251,0.02008,0.02008,0.02222,0.02222
0.0,3.24432,27.76996,0.00771,8e-05,0.0,0.0,0.00474,4e-05,0.0003,0.00289,0.33451,0.0002,0.0,0.0,0.00389,0.0002,0.00174,0.00306,0.31124,0.00018,0.0,0.0,0.00362,0.00024,0.00158,0.00312,0.00947,0.00947,0.02665,0.02665,0.03268,0.03268,0.02004,0.02004,0.02203,0.02203
0.0,3.44025,25.47183,0.00708,9e-05,0.0,0.0,0.00502,4e-05,0.0003,0.00235,0.28678,0.00025,0.0,0.0,0.00333,0.00023,0.00173,0.00267,0.85952,0.00021,0.0,0.0,0.00999,0.00021,0.00162,0.00299,0.00961,0.00961,0.02681,0.02681,0.0328,0.03279,0.02,0.02,0.02206,0.02206
0.0,3.77435,23.21976,0.00645,8e-05,0.0,0.0,0.00551,4e-05,0.00031,0.00194,0.27686,0.00023,0.0,0.0,0.00322,0.00022,0.0017,0.00296,0.32985,0.00023,0.0,0.0,0.00384,0.00025,0.00168,0.00302,0.00968,0.00968,0.02664,0.02664,0.03284,0.03285,0.02012,0.02012,0.02211,0.02211
0.0,3.20807,20.97661,0.00583,8e-05,0.0,0.0,0.00468,3e-05,0.00032,0.0024,0.2127,0.00022,0.0,0.0,0.00247,0.00022,0.00163,0.00302,0.21856,0.00022,0.0,0.0,0.00254,0.00025,0.00165,0.00305,0.00964,0.00964,0.02674,0.02672,0.03283,0.03283,0.02009,0.02009,0.022,0.022
0.0,2.15137,18.61121,0.00517,9e-05,0.0,0.0,0.00314,5e-05,0.0004,0.00247,0.19052,0.00023,0.0,0.0,0.00222,0.00021,0.00163,0.00262,0.19302,0.00022,0.0,0.0,0.00225,0.00021,0.00161,0.00298,0.00959,0.0096,0.02688,0.02686,0.03306,0.03306,0.02007,0.02007,0.02208,0.02208
0.0,3.17342,16.33168,0.00454,8e-05,0.0,0.0,0.00463,4e-05,0.00033,0.00212,0.24352,0.00021,0.0,0.0,0.00283,0.00022,0.00169,0.00297,0.23141,0.0002,0.0,0.0,0.00269,0.00025,0.00163,0.00306,0.0096,0.0096,0.027,0.027,0.03303,0.03302,0.02007,0.02007,0.02197,0.02197
0.0,2.18265,13.96738,0.00388,8e-05,0.0,0.0,0.00319,5e-05,0.00026,0.00268,0.91199,0.00023,0.0,0.0,0.0106,0.00022,0.00168,0.0031,0.19677,0.00022,0.0,0.0,0.00229,0.00019,0.00174,0.00296,0.00962,0.00962,0.02696,0.02696,0.03302,0.03301,0.0201,0.02009,0.02204,0.02204
0.0,2.547,11.63458,0.00323,8e-05,0.0,0.0,0.00372,4e-05,0.00026,0.002,0.2157,0.00024,0.0,0.0,0.00251,0.0002,0.00169,0.00318,0.57407,0.00023,0.0,0.0,0.00668,0.00018,0.0016,0.00308,0.00963,0.00964,0.02695,0.02695,0.03309,0.03307,0.02012,0.02012,0.02207,0.02207
0.0,3.27074,9.32028,0.00259,8e-05,0.0,0.0,0.00477,5e-05,0.00028,0.00281,0.22624,0.00024,0.0,0.0,0.00263,0.00024,0.00172,0.00298,0.20343,0.00018,0.0,0.0,0.00236,0.00017,0.00167,0.00294,0.00964,0.00964,0.02697,0.02697,0.03312,0.03313,0.02009,0.02009,0.02206,0.02206
0.0,2.06707,6.96441,0.00193,9e-05,0.0,0.0,0.00302,5e-05,0.00028,0.00256,0.22395,0.00023,0.0,0.0,0.0026,0.00019,0.00168,0.00296,0.22768,0.00022,0.0,0.0,0.00265,0.0002,0.00158,0.00296,0.0096,0.0096,0.02695,0.02693,0.0331,0.0331,0.02015,0.02016,0.02208,0.02207
0.0,3.06489,4.64177,0.00129,8e-05,0.0,0.0,0.00447,5e-05,0.00026,0.00192,0.26766,0.00023,0.0,0.0,0.00311,0.00022,0.00171,0.00299,0.21785,0.00022,0.0,0.0,0.00253,0.00022,0.00159,0.00309,0.00961,0.00961,0.02693,0.02691,0.03313,0.03311,0.02017,0.02017,0.0221,0.0221
0.0,3.58557,2.31816,0.00064,8e-05,0.0,0.0,0.00523,4e-05,0.00024,0.00233,0.89317,0.00025,0.0,0.0,0.01039,0.00022,0.00169,0.00289,0.32189,0.00022,0.0,0.0,0.00374,0.00019,0.0016,0.00292,0.0096,0.00961,0.02695,0.02695,0.03313,0.03312,0.02014,0.02014,0.02208,0.02208
0.0,4.55456,0.0,0.0,8e-05,0.0,0.0,0.00665,6e-05,0.00033,0.00214,0.3318,0.00024,0.0,0.0,0.00386,0.00019,0.00179,0.00301,0.41261,0.00018,0.0,0.0,0.0048,0.00019,0.00163,0.00299,0.00961,0.00961,0.02694,0.02694,0.03313,0.03313,0.02015,0.02015,0.02209,0.02206
