epoch,train_time_epoch,train_eta,train_eta_hours,train_loss,train_lr,train_params,train_time_iter,train_accuracy,train_precision,train_recall,train_f1,train_auc,val_time_epoch,val_loss,val_lr,val_params,val_time_iter,val_accuracy,val_precision,val_recall,val_f1,val_auc,test_time_epoch,test_loss,test_lr,test_params,test_time_iter,test_accuracy,test_precision,test_recall,test_f1,test_auc,mpnn_param_layer_1,global_attention_param_layer_1,mpnn_param_layer_2,global_attention_param_layer_2,mpnn_param_layer_3,global_attention_param_layer_3,mpnn_param_layer_4,global_attention_param_layer_4,mpnn_param_layer_5,global_attention_param_layer_5,mpnn_param_layer_6,global_attention_param_layer_6,mpnn_param_layer_7,global_attention_param_layer_7,mpnn_param_layer_8,global_attention_param_layer_8,mpnn_param_layer_9,global_attention_param_layer_9,mpnn_param_layer_10,global_attention_param_layer_10
0.0,86.85683,8598.82564,2.38856,0.69543,0.0,558693.0,0.08441,0.53535,0.02385,0.44773,0.04198,0.51071,3.76923,0.6955,0.0,558693.0,0.02922,0.53897,0.01247,0.44691,0.02368,0.52274,3.9778,0.69529,0.0,558693.0,0.03084,0.53535,0.02111,0.45077,0.03882,0.51274,1.0,1.0,1.0,1.0,1.0,1.0,1.0,1.0,1.0,1.0,1.0,1.0,1.0,1.0,1.0,1.0,1.0,1.0,1.0,1.0
1.0,74.79788,7921.08082,2.2003,0.39787,2e-05,558693.0,0.07269,0.89458,0.02257,0.08003,0.02741,0.5442,3.18655,0.18614,0.0,558693.0,0.0247,0.98021,0.0,0.0,0.0,0.58907,3.19616,0.20206,0.0,558693.0,0.02478,0.96829,0.0,0.0,0.0,0.61259,1.0,1.0,1.0,1.0,1.0,1.0,1.0,1.0,1.0,1.0,1.0,1.0,1.0,1.0,1.0,1.0,1.0,1.0,1.0,1.0
2.0,76.06312,7686.2098,2.13506,0.16716,4e-05,558693.0,0.07392,0.96254,0.02857,0.00016,0.00032,0.63478,3.22874,0.09761,0.0,558693.0,0.02503,0.98031,0.0,0.0,0.0,0.70412,3.27761,0.1294,0.0,558693.0,0.02541,0.96839,0.0,0.0,0.0,0.71676,0.99226,1.00774,0.98975,1.01025,0.99049,1.00951,0.99316,1.00684,0.99075,1.00925,0.99255,1.00744,0.99185,1.00815,0.98928,1.01072,0.98561,1.01439,0.98048,1.01952
3.0,79.20355,7606.11303,2.11281,0.14643,6e-05,558693.0,0.07697,0.96256,0.05417,0.00106,0.00207,0.71428,3.22602,0.09093,0.0,558693.0,0.02501,0.98031,0.0,0.0,0.0,0.72709,3.2505,0.12403,0.0,558693.0,0.0252,0.96839,0.0,0.0,0.0,0.7398,0.99328,1.00671,0.99054,1.00946,0.98989,1.01011,0.99217,1.00783,0.98813,1.01187,0.99209,1.00791,0.99246,1.00754,0.99044,1.00956,0.98795,1.01205,0.98087,1.01913
4.0,77.72928,7498.36251,2.08288,0.13885,8e-05,558693.0,0.07554,0.96261,0.30152,0.01015,0.01915,0.74892,3.2659,0.08826,0.0,558693.0,0.02532,0.98028,0.21787,0.04815,0.07418,0.74031,3.24541,0.12261,0.0,558693.0,0.02516,0.96827,0.18485,0.05462,0.07551,0.7443,0.99583,1.00416,0.99328,1.00672,0.99333,1.00667,0.99568,1.00432,0.99142,1.00858,0.99302,1.00698,0.99431,1.00569,0.99155,1.00845,0.98986,1.01014,0.98403,1.01596
5.0,75.7344,7369.36586,2.04705,0.13284,0.0001,558693.0,0.0736,0.96302,0.47136,0.03571,0.06364,0.77418,3.14074,0.08805,0.0,558693.0,0.02435,0.98074,0.52112,0.07037,0.11525,0.73355,3.16192,0.12211,0.0,558693.0,0.02451,0.9691,0.37882,0.07,0.10791,0.75233,1.00032,0.99967,0.99982,1.00019,0.99998,1.00002,1.00209,0.99792,0.99693,1.00308,0.99595,1.00405,0.99717,1.00284,0.99475,1.00525,0.9921,1.0079,0.98722,1.01278
6.0,75.83541,7256.92909,2.01581,0.12757,0.0001,558693.0,0.0737,0.96361,0.47717,0.08831,0.14728,0.79311,3.16143,0.0845,0.0,558693.0,0.02451,0.98091,0.57163,0.12346,0.19233,0.7461,3.13447,0.11964,0.0,558693.0,0.0243,0.9691,0.45351,0.10692,0.15648,0.75353,1.0061,0.9939,1.00837,0.99163,1.00582,0.99418,1.0089,0.9911,1.00343,0.99657,1.00037,0.99963,1.00117,0.99883,0.99832,1.00168,0.9953,1.00471,0.99021,1.00979
7.0,75.40439,7148.68582,1.98575,0.12364,0.0001,558693.0,0.07328,0.96492,0.57285,0.14943,0.23587,0.80394,3.20885,0.08326,0.0,558693.0,0.02488,0.98106,0.5361,0.17037,0.25385,0.74975,3.23081,0.11897,0.0,558693.0,0.02504,0.96895,0.49138,0.13769,0.20679,0.75463,1.01141,0.98859,1.01524,0.98475,1.0116,0.9884,1.015,0.985,1.00932,0.99068,1.00458,0.99542,1.00579,0.99421,1.00254,0.99746,0.99851,1.00149,0.99289,1.00712
8.0,74.39048,7037.48837,1.95486,0.11984,0.0001,558693.0,0.0723,0.96567,0.64332,0.18977,0.28755,0.81893,3.20076,0.08229,0.0,558693.0,0.02481,0.98172,0.62469,0.18148,0.27988,0.75415,3.21764,0.11883,0.0,558693.0,0.02494,0.96934,0.58476,0.11923,0.19169,0.75914,1.01513,0.98486,1.02079,0.97921,1.01708,0.98292,1.02013,0.97987,1.01396,0.98604,1.00843,0.99157,1.00911,0.99089,1.00544,0.99456,1.00132,0.99868,0.99526,1.00474
9.0,74.20701,6932.00112,1.92556,0.11707,0.0001,558693.0,0.07212,0.96656,0.65229,0.22906,0.33778,0.82708,3.20024,0.07943,0.0,558693.0,0.02481,0.98128,0.58072,0.22346,0.31649,0.76973,3.19301,0.11862,0.0,558693.0,0.02475,0.96939,0.58784,0.18,0.25804,0.75718,1.01881,0.98119,1.02599,0.97402,1.02258,0.97742,1.02538,0.97463,1.01852,0.98148,1.01168,0.98832,1.01235,0.98765,1.00759,0.99241,1.00338,0.99661,0.99656,1.00344
10.0,74.60608,6835.43005,1.89873,0.11477,0.0001,558693.0,0.0725,0.96743,0.66102,0.26729,0.38056,0.83485,3.18956,0.07776,0.0,558693.0,0.02473,0.98208,0.63244,0.2284,0.33282,0.77779,3.20223,0.11752,0.0,558693.0,0.02482,0.96988,0.53508,0.17923,0.26086,0.76044,1.02226,0.97774,1.02899,0.971,1.02712,0.97288,1.03023,0.96976,1.02365,0.97634,1.01485,0.98515,1.01504,0.98495,1.00979,0.99021,1.00588,0.99411,0.99843,1.00157
11.0,74.36457,6740.74871,1.87243,0.11228,0.0001,558693.0,0.07227,0.9681,0.67758,0.2832,0.3993,0.84338,3.18455,0.07751,0.0,558693.0,0.02469,0.98206,0.62321,0.26049,0.36023,0.78042,3.19048,0.11903,0.0,558693.0,0.02473,0.96912,0.52321,0.20538,0.28487,0.75829,1.02398,0.97602,1.03273,0.96727,1.03081,0.96919,1.03455,0.96545,1.02771,0.97229,1.01753,0.98248,1.01802,0.98198,1.01225,0.98774,1.00813,0.99187,1.00062,0.99938
12.0,74.47232,6649.9141,1.8472,0.11013,0.0001,558693.0,0.07237,0.96863,0.68184,0.3043,0.42071,0.85113,3.17284,0.07717,0.0,558693.0,0.0246,0.98237,0.63405,0.25802,0.36469,0.78273,3.17797,0.11662,0.0,558693.0,0.02463,0.97004,0.57606,0.23077,0.32627,0.76906,1.02674,0.97325,1.03502,0.96498,1.03428,0.96572,1.03779,0.96221,1.03184,0.96816,1.02013,0.97987,1.02151,0.97849,1.014,0.98599,1.01017,0.98983,1.00281,0.99719
13.0,73.56066,6555.81674,1.82106,0.10832,0.0001,558693.0,0.07149,0.96902,0.69032,0.31323,0.43086,0.8571,3.20434,0.077,0.0,558693.0,0.02484,0.98206,0.61084,0.27037,0.37078,0.78694,3.25356,0.11682,0.0,558693.0,0.02522,0.96932,0.55893,0.21308,0.29274,0.77024,1.02742,0.97259,1.03877,0.96123,1.03823,0.96176,1.04152,0.95848,1.03584,0.96416,1.02269,0.9773,1.02435,0.97564,1.0165,0.98351,1.01223,0.98777,1.00438,0.99562
14.0,74.08324,6467.41889,1.7965,0.10632,0.0001,558693.0,0.072,0.96961,0.69922,0.33084,0.44905,0.86445,3.18408,0.07783,0.0,558693.0,0.02468,0.98191,0.59675,0.28889,0.38424,0.77976,3.20188,0.11908,0.0,558693.0,0.02482,0.96871,0.53774,0.23462,0.30972,0.76855,1.02808,0.97192,1.04093,0.95907,1.0413,0.95869,1.04538,0.95462,1.03881,0.96118,1.02616,0.97384,1.02696,0.97304,1.01809,0.98191,1.01466,0.98533,1.00574,0.99426
15.0,75.02088,6385.733,1.77381,0.10487,0.0001,558693.0,0.07291,0.96992,0.70554,0.33782,0.45683,0.86846,3.18699,0.07989,0.0,558693.0,0.0247,0.98006,0.53696,0.29877,0.3735,0.78788,3.18087,0.12168,0.0,558693.0,0.02466,0.96725,0.52614,0.26384,0.33178,0.77023,1.0292,0.97079,1.04371,0.95629,1.04401,0.95599,1.04842,0.95158,1.0428,0.9572,1.02897,0.97103,1.02954,0.97046,1.0206,0.97939,1.01779,0.98221,1.00813,0.99188
16.0,74.52934,6302.43138,1.75068,0.10318,0.0001,558693.0,0.07243,0.97041,0.71482,0.34919,0.46904,0.87565,3.11979,0.08083,0.0,558693.0,0.02418,0.98057,0.52496,0.28889,0.36965,0.77822,3.12294,0.12187,0.0,558693.0,0.02421,0.96817,0.50654,0.26923,0.34647,0.76772,1.02994,0.97006,1.04578,0.95423,1.04634,0.95366,1.05084,0.94916,1.04573,0.95428,1.03136,0.96864,1.0325,0.9675,1.02287,0.97712,1.01976,0.98023,1.00955,0.99046
17.0,73.94166,6217.42725,1.72706,0.10138,0.0001,558693.0,0.07186,0.97083,0.72062,0.36088,0.48085,0.88188,3.08721,0.07703,0.0,558693.0,0.02393,0.98227,0.62134,0.27407,0.37675,0.77831,3.09187,0.11996,0.0,558693.0,0.02397,0.97002,0.57222,0.22461,0.31852,0.76699,1.03041,0.96958,1.04771,0.95228,1.04952,0.95048,1.05332,0.94668,1.04833,0.95168,1.03382,0.96618,1.03539,0.96461,1.02556,0.97444,1.02259,0.97742,1.01158,0.98842
18.0,74.34498,6135.30697,1.70425,0.09989,0.0001,558693.0,0.07225,0.97112,0.72448,0.36956,0.48926,0.88637,3.12189,0.0749,0.0,558693.0,0.0242,0.98291,0.65567,0.28272,0.3942,0.79013,3.13444,0.11903,0.0,558693.0,0.0243,0.96951,0.54101,0.22077,0.31067,0.76944,1.03137,0.96863,1.05058,0.94942,1.05217,0.94783,1.05611,0.94389,1.05185,0.94814,1.03583,0.96417,1.03771,0.9623,1.02855,0.97146,1.02446,0.97553,1.01393,0.98607
19.0,73.8439,6051.95991,1.6811,0.0985,9e-05,558693.0,0.07176,0.97136,0.7285,0.37484,0.49491,0.89145,3.12434,0.07862,0.0,558693.0,0.02422,0.98048,0.5259,0.2963,0.37439,0.79061,3.13215,0.12294,0.0,558693.0,0.02428,0.968,0.5024,0.24308,0.32239,0.77023,1.0318,0.9682,1.05246,0.94754,1.05425,0.94576,1.05965,0.94035,1.05558,0.94441,1.03841,0.96158,1.04014,0.95987,1.0308,0.9692,1.02663,0.97337,1.01588,0.98412
20.0,73.41938,5967.9209,1.65776,0.09718,9e-05,558693.0,0.07135,0.97172,0.73211,0.3862,0.50559,0.89615,3.12115,0.07665,0.0,558693.0,0.02419,0.98198,0.58982,0.31605,0.40761,0.79278,3.11708,0.12118,0.0,558693.0,0.02416,0.96881,0.51887,0.26846,0.34993,0.77461,1.03308,0.96692,1.05363,0.94636,1.05694,0.94306,1.06207,0.93793,1.05808,0.94192,1.04153,0.95847,1.04226,0.95775,1.0327,0.9673,1.02857,0.97143,1.01836,0.98164
21.0,73.36722,5884.66241,1.63463,0.09568,9e-05,558693.0,0.0713,0.97195,0.73864,0.38864,0.5092,0.90066,3.11881,0.07812,0.0,558693.0,0.02418,0.98247,0.62519,0.2963,0.39826,0.78396,3.10333,0.1249,0.0,558693.0,0.02406,0.96859,0.51312,0.23769,0.32133,0.76464,1.0331,0.9669,1.05565,0.94435,1.05923,0.94077,1.06409,0.93592,1.06185,0.93816,1.04365,0.95635,1.04461,0.95539,1.03462,0.96538,1.03082,0.96918,1.01936,0.98064
22.0,75.53183,5809.51075,1.61375,0.09429,9e-05,558693.0,0.0734,0.9722,0.73787,0.39984,0.51849,0.90691,3.14755,0.07732,0.0,558693.0,0.0244,0.98237,0.62637,0.28765,0.39185,0.79059,3.15195,0.12646,0.0,558693.0,0.02443,0.96866,0.51661,0.21154,0.29736,0.76749,1.03262,0.96738,1.05734,0.94266,1.06108,0.93891,1.06677,0.93323,1.06556,0.93445,1.04628,0.95372,1.04725,0.95275,1.03773,0.96227,1.03289,0.96711,1.02139,0.97861
23.0,75.88394,5735.44242,1.59318,0.09279,9e-05,558693.0,0.07375,0.97254,0.74512,0.4056,0.52517,0.91102,3.27314,0.07983,0.0,558693.0,0.02537,0.98184,0.59127,0.3037,0.39762,0.78291,3.25302,0.12758,0.0,558693.0,0.02522,0.96861,0.51888,0.23769,0.31982,0.76353,1.03345,0.96655,1.0599,0.94009,1.06315,0.93686,1.06966,0.93034,1.06846,0.93155,1.04885,0.95115,1.04981,0.95019,1.04018,0.95982,1.03498,0.96503,1.02226,0.97774
24.0,75.61852,5660.43259,1.57234,0.09161,9e-05,558693.0,0.07349,0.9729,0.74633,0.41875,0.5364,0.91391,3.25274,0.08231,0.0,558693.0,0.02522,0.98162,0.57108,0.30988,0.39828,0.77276,3.22148,0.12822,0.0,558693.0,0.02497,0.96764,0.48973,0.25539,0.33111,0.77584,1.03341,0.9666,1.06097,0.93903,1.06434,0.93566,1.07079,0.92922,1.07097,0.92902,1.05147,0.94853,1.05198,0.94803,1.04266,0.95734,1.03735,0.96265,1.02384,0.97615
25.0,76.35646,5587.47622,1.55208,0.09007,9e-05,558693.0,0.07421,0.97316,0.75235,0.42208,0.54074,0.91851,3.29089,0.07991,0.0,558693.0,0.02551,0.98194,0.58675,0.29753,0.39239,0.77857,3.19505,0.12576,0.0,558693.0,0.02477,0.96902,0.52617,0.25308,0.33528,0.77539,1.0342,0.9658,1.06355,0.93645,1.06611,0.93388,1.07338,0.92662,1.07401,0.926,1.05397,0.94603,1.05426,0.94573,1.04461,0.95539,1.03955,0.96045,1.02532,0.97467
26.0,75.85725,5512.91827,1.53137,0.08949,9e-05,558693.0,0.07372,0.97304,0.74819,0.42216,0.53966,0.92124,3.24886,0.08164,0.0,558693.0,0.02519,0.98172,0.59537,0.27901,0.37551,0.77324,3.18078,0.13154,0.0,558693.0,0.02466,0.96885,0.53547,0.20769,0.2934,0.76308,1.03381,0.96619,1.06514,0.93486,1.06833,0.93167,1.07522,0.92478,1.07713,0.92287,1.05641,0.9436,1.05659,0.94339,1.04644,0.95356,1.04063,0.95937,1.02627,0.97373
27.0,75.93227,5438.46044,1.51068,0.08774,9e-05,558693.0,0.07379,0.97367,0.75844,0.43563,0.55333,0.92487,3.25345,0.08146,0.0,558693.0,0.02522,0.98191,0.58683,0.29136,0.3877,0.77987,3.29145,0.13154,0.0,558693.0,0.02552,0.96888,0.51892,0.24077,0.32704,0.76903,1.0337,0.96631,1.06678,0.93322,1.07056,0.92944,1.07735,0.92265,1.07944,0.92057,1.05794,0.94206,1.05909,0.94091,1.04823,0.95176,1.04335,0.95665,1.02849,0.97151
28.0,77.78374,5368.43384,1.49123,0.08614,9e-05,558693.0,0.07559,0.97407,0.76567,0.44318,0.56138,0.92998,3.23372,0.08286,0.0,558693.0,0.02507,0.98053,0.51919,0.30123,0.37658,0.7905,3.17675,0.13387,0.0,558693.0,0.02463,0.96771,0.47813,0.23846,0.31315,0.76948,1.03336,0.96664,1.06837,0.93164,1.07128,0.92873,1.0798,0.9202,1.08168,0.91832,1.06056,0.93944,1.06143,0.93857,1.05052,0.94949,1.04558,0.95442,1.02955,0.97045
29.0,78.78976,5300.23748,1.47229,0.08501,9e-05,558693.0,0.07657,0.97415,0.76315,0.44894,0.56527,0.933,3.16283,0.08193,0.0,558693.0,0.02452,0.9822,0.61005,0.29506,0.39503,0.78018,3.23548,0.13634,0.0,558693.0,0.02508,0.96864,0.51874,0.22154,0.3057,0.76513,1.03436,0.96564,1.07021,0.92979,1.07245,0.92755,1.08182,0.91819,1.08461,0.91539,1.06268,0.93734,1.06318,0.93681,1.05202,0.94798,1.04692,0.95308,1.03048,0.96952
30.0,77.50272,5228.49296,1.45236,0.08371,8e-05,558693.0,0.07532,0.97434,0.76726,0.45162,0.56853,0.9364,3.11334,0.08422,0.0,558693.0,0.02414,0.97992,0.50865,0.31728,0.38473,0.78612,3.11565,0.13755,0.0,558693.0,0.02415,0.96645,0.4587,0.23231,0.30169,0.76998,1.03398,0.96602,1.07142,0.92858,1.07484,0.92515,1.08376,0.91624,1.08641,0.9136,1.06542,0.93458,1.06496,0.93505,1.05316,0.94684,1.04894,0.95107,1.03283,0.96717
31.0,77.81574,5157.05372,1.43252,0.08219,8e-05,558693.0,0.07562,0.97452,0.77147,0.4543,0.57171,0.93993,3.15786,0.08566,0.0,558693.0,0.02448,0.98062,0.52688,0.3,0.37955,0.78446,3.1299,0.14165,0.0,558693.0,0.02426,0.96718,0.48174,0.24846,0.32034,0.76363,1.03401,0.96599,1.07258,0.92743,1.07608,0.92391,1.08548,0.91453,1.0889,0.91111,1.06722,0.93278,1.06708,0.93291,1.05582,0.94417,1.05098,0.94902,1.03402,0.96598
32.0,77.39649,5084.37683,1.41233,0.08092,8e-05,558693.0,0.07521,0.97504,0.77503,0.47005,0.58512,0.94289,3.17478,0.08514,0.0,558693.0,0.02461,0.98069,0.52357,0.30617,0.38514,0.78791,3.15741,0.14131,0.0,558693.0,0.02448,0.96676,0.45431,0.24462,0.31746,0.76502,1.03413,0.96587,1.0739,0.92611,1.07688,0.92313,1.08748,0.91251,1.09119,0.9088,1.06908,0.93092,1.06856,0.93144,1.05758,0.94241,1.05264,0.94736,1.03448,0.96553
33.0,75.50026,5007.7414,1.39104,0.07961,8e-05,558693.0,0.07337,0.97535,0.78035,0.47581,0.59106,0.9449,3.24497,0.08712,0.0,558693.0,0.02515,0.97946,0.48065,0.29506,0.36003,0.78481,3.18161,0.14143,0.0,558693.0,0.02466,0.96732,0.47125,0.23462,0.30895,0.77204,1.03497,0.96501,1.07441,0.9256,1.07906,0.92094,1.08917,0.91083,1.09392,0.90608,1.07058,0.92942,1.07107,0.92893,1.05811,0.94188,1.05375,0.94625,1.03561,0.96439
34.0,75.65977,4931.46707,1.36985,0.07889,8e-05,558693.0,0.07353,0.97514,0.77465,0.47403,0.58804,0.94779,3.23307,0.0879,0.0,558693.0,0.02506,0.98077,0.5324,0.31975,0.39602,0.78547,3.2424,0.14544,0.0,558693.0,0.02513,0.96625,0.43883,0.23692,0.30484,0.77015,1.03581,0.96419,1.07501,0.92499,1.08044,0.91955,1.09057,0.90944,1.09621,0.90379,1.07277,0.92723,1.07306,0.92694,1.06034,0.93966,1.05522,0.94479,1.03659,0.96341
35.0,76.38931,4856.52384,1.34903,0.07801,8e-05,558693.0,0.07424,0.97556,0.77617,0.48831,0.59934,0.94939,3.24795,0.08906,0.0,558693.0,0.02518,0.9805,0.51766,0.29877,0.37592,0.77644,3.24763,0.14705,0.0,558693.0,0.02518,0.96696,0.45535,0.21154,0.2863,0.76438,1.03481,0.96518,1.07539,0.92461,1.08156,0.91844,1.09299,0.907,1.09866,0.90135,1.0746,0.9254,1.07489,0.92513,1.06231,0.93768,1.05732,0.94268,1.03754,0.96247
36.0,76.81308,4782.22399,1.3284,0.07614,8e-05,558693.0,0.07465,0.97595,0.78763,0.49002,0.6041,0.95236,3.31102,0.08893,0.0,558693.0,0.02566,0.97968,0.48676,0.31358,0.37774,0.78481,3.2225,0.14547,0.0,558693.0,0.02498,0.96759,0.4818,0.26077,0.33548,0.77008,1.03494,0.96506,1.07663,0.92337,1.08281,0.91719,1.0938,0.90621,1.10121,0.89879,1.0766,0.9234,1.07684,0.92317,1.06414,0.93586,1.05888,0.94112,1.03833,0.96167
37.0,78.61219,4710.72725,1.30853,0.07535,7e-05,558693.0,0.0764,0.97606,0.78712,0.49464,0.60739,0.95456,3.20619,0.08939,0.0,558693.0,0.02485,0.98055,0.5197,0.29629,0.37532,0.78593,3.17358,0.14998,0.0,558693.0,0.0246,0.96718,0.46077,0.22846,0.30483,0.76978,1.03464,0.96535,1.07747,0.92254,1.08431,0.91569,1.09589,0.90412,1.10214,0.89787,1.07884,0.92117,1.07932,0.92068,1.06558,0.93442,1.06007,0.93993,1.0393,0.96071
38.0,74.21981,4631.99548,1.28667,0.07444,7e-05,558693.0,0.07213,0.97653,0.7917,0.50666,0.6178,0.9559,3.17671,0.0887,0.0,558693.0,0.02462,0.98031,0.50915,0.28766,0.36431,0.7832,3.15124,0.14766,0.0,558693.0,0.02443,0.96776,0.48956,0.24154,0.319,0.7731,1.03465,0.96535,1.07902,0.92099,1.0864,0.91361,1.09732,0.90268,1.10463,0.89539,1.07986,0.92014,1.08125,0.91874,1.06746,0.93255,1.06176,0.93825,1.04008,0.95993
39.0,73.88988,4552.99442,1.26472,0.0732,7e-05,558693.0,0.07181,0.97658,0.793,0.5069,0.61832,0.95821,3.12484,0.09062,0.0,558693.0,0.02422,0.98014,0.5214,0.29259,0.36871,0.78336,3.11581,0.15339,0.0,558693.0,0.02415,0.96647,0.45894,0.23461,0.30663,0.77072,1.03425,0.96574,1.07957,0.92044,1.08724,0.91276,1.09836,0.90163,1.10687,0.89312,1.08143,0.91857,1.08266,0.91734,1.06931,0.93068,1.06312,0.93688,1.04082,0.95918
40.0,73.61024,4473.84027,1.24273,0.07183,7e-05,558693.0,0.07153,0.97694,0.79423,0.51875,0.62751,0.96031,3.12786,0.08999,0.0,558693.0,0.02425,0.97984,0.50089,0.31975,0.38616,0.79051,3.11681,0.15409,0.0,558693.0,0.02416,0.9664,0.45168,0.25769,0.3238,0.76629,1.03397,0.96603,1.07999,0.92002,1.08905,0.91096,1.09973,0.90027,1.10802,0.89198,1.08228,0.91773,1.08448,0.91553,1.07061,0.92939,1.06449,0.93549,1.04179,0.95821
41.0,73.20248,4394.38702,1.22066,0.07091,7e-05,558693.0,0.07114,0.97717,0.794,0.52711,0.63352,0.96162,3.083,0.08975,0.0,558693.0,0.0239,0.98014,0.50119,0.31358,0.38423,0.79525,3.09031,0.15707,0.0,558693.0,0.02396,0.96635,0.44392,0.23923,0.30911,0.77152,1.03402,0.96597,1.08091,0.91909,1.09048,0.90953,1.10188,0.89813,1.11035,0.88965,1.0843,0.91571,1.08526,0.91472,1.07181,0.92819,1.06596,0.93403,1.0429,0.9571
42.0,73.23922,4315.27322,1.19869,0.06924,7e-05,558693.0,0.07117,0.97744,0.79909,0.53101,0.63795,0.96425,3.12867,0.09338,0.0,558693.0,0.02425,0.97965,0.50041,0.30864,0.37488,0.78755,3.1114,0.16116,0.0,558693.0,0.02412,0.96628,0.4565,0.25,0.31874,0.76745,1.03324,0.96675,1.08184,0.91816,1.09153,0.90847,1.10283,0.89717,1.11151,0.8885,1.0856,0.9144,1.08695,0.91306,1.07336,0.92664,1.06755,0.93245,1.04398,0.95603
43.0,73.63766,4236.93355,1.17693,0.06895,7e-05,558693.0,0.07156,0.97756,0.79946,0.53482,0.64082,0.96521,3.11036,0.09375,0.0,558693.0,0.02411,0.97885,0.4525,0.29629,0.35586,0.79293,3.09922,0.16484,0.0,558693.0,0.02403,0.96536,0.4253,0.23154,0.294,0.76502,1.03355,0.96645,1.08228,0.91774,1.09253,0.90747,1.10438,0.89563,1.11338,0.88663,1.08745,0.91256,1.08823,0.91177,1.0746,0.9254,1.06865,0.93136,1.04444,0.95557
44.0,74.2571,4159.55994,1.15543,0.06779,6e-05,558693.0,0.07216,0.97788,0.80481,0.54034,0.6465,0.967,3.18454,0.09564,0.0,558693.0,0.02469,0.97875,0.45984,0.32716,0.37854,0.79146,3.19968,0.16698,0.0,558693.0,0.0248,0.96574,0.44242,0.26077,0.32417,0.76491,1.03356,0.96644,1.08261,0.91738,1.09342,0.90658,1.10516,0.89482,1.11514,0.88486,1.08957,0.91042,1.09002,0.90997,1.07634,0.92365,1.06931,0.93068,1.04504,0.95497
45.0,74.73538,4082.88329,1.13413,0.06707,6e-05,558693.0,0.07263,0.97805,0.80328,0.54805,0.65148,0.96829,3.2255,0.09523,0.0,558693.0,0.025,0.97907,0.46018,0.30741,0.36643,0.79627,3.21786,0.16803,0.0,558693.0,0.02494,0.96586,0.43442,0.25462,0.31822,0.76665,1.03382,0.96618,1.08407,0.91593,1.09503,0.90496,1.10744,0.89256,1.11732,0.88269,1.09075,0.90926,1.09108,0.90891,1.07778,0.92221,1.07031,0.92969,1.04601,0.95399
46.0,75.21422,4006.82923,1.11301,0.06608,6e-05,558693.0,0.0731,0.97805,0.80101,0.55073,0.65263,0.96961,3.256,0.09613,0.0,558693.0,0.02524,0.97894,0.47258,0.31358,0.37191,0.78756,3.22039,0.16571,0.0,558693.0,0.02496,0.96613,0.44815,0.25846,0.32464,0.76725,1.03405,0.96595,1.08474,0.91527,1.09549,0.90451,1.1084,0.89161,1.11865,0.88136,1.0924,0.9076,1.09341,0.90659,1.07899,0.92101,1.07123,0.92877,1.04617,0.95384
47.0,75.63394,3931.26485,1.09202,0.06494,6e-05,558693.0,0.0735,0.97845,0.81103,0.55373,0.65808,0.97162,3.20828,0.0969,0.0,558693.0,0.02487,0.97994,0.49365,0.31111,0.37998,0.78935,3.2028,0.17152,0.0,558693.0,0.02483,0.96579,0.42923,0.25,0.31427,0.76725,1.03395,0.96603,1.08554,0.91443,1.09641,0.90358,1.10968,0.89033,1.12034,0.87966,1.09371,0.90629,1.09465,0.90536,1.08036,0.91964,1.07253,0.92746,1.04738,0.95261
48.0,75.19298,3855.23867,1.0709,0.06406,6e-05,558693.0,0.07307,0.97882,0.81089,0.5664,0.66683,0.97259,3.16877,0.09687,0.0,558693.0,0.02456,0.97894,0.45706,0.31482,0.37067,0.78877,3.18329,0.1683,0.0,558693.0,0.02468,0.96645,0.4533,0.25077,0.32029,0.76676,1.03412,0.96588,1.08618,0.91382,1.0973,0.90271,1.11057,0.88943,1.12199,0.87801,1.09523,0.90477,1.09702,0.90297,1.08192,0.91807,1.0735,0.92649,1.04788,0.95212
49.0,75.08993,3779.14277,1.04976,0.06318,6e-05,558693.0,0.07297,0.979,0.81068,0.57313,0.67143,0.97308,3.1479,0.09841,0.0,558693.0,0.0244,0.97822,0.43303,0.32346,0.36917,0.78937,3.14627,0.171,0.0,558693.0,0.02439,0.96569,0.43408,0.25231,0.31719,0.76944,1.0337,0.96628,1.08688,0.91312,1.09809,0.90191,1.11095,0.88905,1.12289,0.87712,1.09643,0.90357,1.09772,0.90229,1.08282,0.91718,1.0746,0.9254,1.04825,0.95174
50.0,75.07169,3703.0688,1.02863,0.06202,5e-05,558693.0,0.07296,0.97924,0.8145,0.57719,0.67556,0.97481,3.16621,0.10042,0.0,558693.0,0.02454,0.97875,0.45845,0.32469,0.37718,0.78717,3.12714,0.17666,0.0,558693.0,0.02424,0.96555,0.4247,0.24461,0.30738,0.7653,1.033,0.967,1.08841,0.91159,1.09885,0.90114,1.1119,0.88811,1.12451,0.87549,1.09805,0.90194,1.09949,0.9005,1.0838,0.9162,1.07529,0.92471,1.04854,0.95146
51.0,74.32309,3626.34236,1.00732,0.06174,5e-05,558693.0,0.07223,0.9793,0.81339,0.58036,0.67733,0.97502,3.1171,0.1022,0.0,558693.0,0.02416,0.97892,0.4523,0.30864,0.36528,0.78787,3.13243,0.17708,0.0,558693.0,0.02428,0.96565,0.43076,0.24231,0.30541,0.76959,1.03222,0.96777,1.08917,0.91083,1.09924,0.90076,1.11303,0.88697,1.12542,0.87458,1.09931,0.90068,1.10086,0.89913,1.08459,0.9154,1.0765,0.9235,1.04907,0.95092
52.0,75.06738,3550.36664,0.98621,0.06034,5e-05,558693.0,0.07295,0.97961,0.81782,0.58604,0.68268,0.97654,3.13692,0.10025,0.0,558693.0,0.02432,0.97921,0.46603,0.3284,0.38332,0.78893,3.14003,0.17811,0.0,558693.0,0.02434,0.96616,0.44743,0.25385,0.32174,0.76869,1.03251,0.96748,1.08969,0.91033,1.10041,0.89958,1.11435,0.88564,1.12707,0.87293,1.1011,0.8989,1.10183,0.89817,1.08552,0.91448,1.07744,0.92257,1.0497,0.95029
53.0,75.34791,3474.66353,0.96519,0.05948,5e-05,558693.0,0.07323,0.98,0.81847,0.59886,0.69159,0.97711,3.20901,0.10352,0.0,558693.0,0.02488,0.97829,0.44526,0.34321,0.3844,0.78705,3.21906,0.18084,0.0,558693.0,0.02496,0.96533,0.42785,0.26538,0.32472,0.77065,1.03186,0.96814,1.08949,0.9105,1.10117,0.89883,1.11545,0.88453,1.12866,0.87134,1.10172,0.89828,1.10348,0.89652,1.08639,0.91361,1.07815,0.92185,1.05038,0.94962
54.0,76.1052,3399.59294,0.94433,0.05865,5e-05,558693.0,0.07396,0.98033,0.82455,0.60292,0.69649,0.97858,3.28386,0.10328,0.0,558693.0,0.02546,0.97916,0.4706,0.31111,0.37029,0.78669,3.27982,0.18329,0.0,558693.0,0.02542,0.9654,0.41961,0.23,0.29608,0.76825,1.03145,0.96855,1.09019,0.90981,1.10221,0.89781,1.1167,0.8833,1.12963,0.87038,1.10248,0.89752,1.10461,0.89539,1.08764,0.91236,1.0789,0.9211,1.05029,0.94971
55.0,76.30833,3324.645,0.92351,0.05836,5e-05,558693.0,0.07416,0.98045,0.82894,0.60211,0.6975,0.97874,3.28385,0.1045,0.0,558693.0,0.02546,0.97802,0.42886,0.32346,0.36659,0.78765,3.27242,0.18417,0.0,558693.0,0.02537,0.96536,0.42452,0.25769,0.319,0.76938,1.03065,0.96935,1.09015,0.90985,1.10265,0.89735,1.11758,0.88242,1.13049,0.86952,1.10375,0.89625,1.10552,0.89447,1.08924,0.91076,1.07994,0.92005,1.05068,0.94932
56.0,76.20908,3249.57446,0.90266,0.05702,4e-05,558693.0,0.07406,0.98047,0.8236,0.60901,0.7001,0.97968,3.12906,0.10573,0.0,558693.0,0.02426,0.97729,0.41104,0.33457,0.36737,0.79279,3.16751,0.18614,0.0,558693.0,0.02455,0.9636,0.39939,0.27231,0.32022,0.77231,1.03107,0.96891,1.0909,0.90908,1.10343,0.89658,1.11866,0.88135,1.1313,0.86869,1.1043,0.8957,1.10609,0.8939,1.09056,0.90944,1.08064,0.91936,1.05073,0.94926
57.0,75.62502,3174.04172,0.88168,0.05667,4e-05,558693.0,0.0735,0.98082,0.82946,0.61404,0.70554,0.98026,3.12166,0.10633,0.0,558693.0,0.0242,0.97817,0.44505,0.35309,0.39041,0.79013,3.12289,0.18843,0.0,558693.0,0.02421,0.96499,0.42341,0.27154,0.32658,0.76982,1.03098,0.96902,1.09158,0.90841,1.10421,0.89578,1.11928,0.88073,1.13276,0.86724,1.10553,0.8945,1.107,0.89298,1.09102,0.90898,1.0813,0.91868,1.05075,0.94925
58.0,75.86538,3098.67288,0.86074,0.05495,4e-05,558693.0,0.07373,0.98131,0.82906,0.63093,0.7165,0.98165,3.14263,0.11004,0.0,558693.0,0.02436,0.97722,0.40959,0.33951,0.36988,0.78382,3.13704,0.19621,0.0,558693.0,0.02432,0.96445,0.41392,0.27538,0.3278,0.76125,1.03059,0.96941,1.09204,0.90796,1.10463,0.89536,1.1201,0.8799,1.13345,0.86654,1.10636,0.89364,1.10805,0.89194,1.09192,0.90808,1.08185,0.91814,1.05077,0.94923
59.0,74.85106,3022.61127,0.83961,0.0546,4e-05,558693.0,0.07274,0.98142,0.83249,0.63093,0.71773,0.98208,3.12336,0.10583,0.0,558693.0,0.02421,0.97793,0.43729,0.34444,0.38187,0.79284,3.11389,0.18959,0.0,558693.0,0.02414,0.96465,0.41105,0.26308,0.3193,0.7694,1.03042,0.96958,1.09292,0.90709,1.10495,0.89505,1.12068,0.87932,1.13423,0.86579,1.10719,0.89281,1.10929,0.8907,1.09309,0.90691,1.08249,0.91751,1.0508,0.94922
60.0,74.7969,2946.55473,0.81849,0.05333,4e-05,558693.0,0.07269,0.9816,0.83086,0.63848,0.72202,0.98328,3.1745,0.10884,0.0,558693.0,0.02461,0.97802,0.43323,0.31358,0.36002,0.78752,3.20717,0.19513,0.0,558693.0,0.02486,0.96448,0.41025,0.23769,0.29738,0.7662,1.03032,0.96968,1.09334,0.90666,1.1054,0.8946,1.12114,0.87886,1.13505,0.86497,1.10804,0.89196,1.11028,0.88972,1.09392,0.90608,1.08297,0.91702,1.05109,0.94891
61.0,75.24229,2870.81181,0.79745,0.05308,4e-05,558693.0,0.07312,0.98167,0.83114,0.64083,0.72362,0.98352,3.17846,0.10964,0.0,558693.0,0.02464,0.97793,0.43687,0.34691,0.3819,0.78616,3.27863,0.19584,0.0,558693.0,0.02542,0.96482,0.41795,0.26,0.31818,0.77059,1.03019,0.96978,1.09379,0.90624,1.10595,0.89405,1.12165,0.87837,1.13597,0.86401,1.10832,0.89168,1.11083,0.88917,1.09418,0.90583,1.08344,0.91656,1.05136,0.94864
62.0,74.50042,2794.64907,0.77629,0.05211,3e-05,558693.0,0.0724,0.9821,0.83973,0.64546,0.72971,0.98414,3.1609,0.10896,0.0,558693.0,0.0245,0.97778,0.4193,0.32099,0.36292,0.79169,3.16352,0.19684,0.0,558693.0,0.02452,0.96489,0.4169,0.27154,0.32744,0.76856,1.03028,0.9697,1.09443,0.90555,1.10702,0.89297,1.12242,0.87758,1.13684,0.86316,1.10902,0.89098,1.11186,0.88815,1.09476,0.90524,1.08398,0.91602,1.05117,0.94884
63.0,74.11583,2718.32195,0.75509,0.05126,3e-05,558693.0,0.07203,0.98234,0.84099,0.65171,0.73429,0.98479,3.25631,0.11227,0.0,558693.0,0.02524,0.97766,0.42907,0.3642,0.39143,0.78868,3.24998,0.20192,0.0,558693.0,0.02519,0.96348,0.38691,0.25846,0.30854,0.76851,1.02987,0.97012,1.09481,0.90519,1.10724,0.89276,1.12292,0.87706,1.13744,0.86258,1.11015,0.88985,1.11234,0.88765,1.09528,0.90471,1.08471,0.91529,1.05108,0.94891
64.0,74.99365,2642.53554,0.73404,0.052,3e-05,558693.0,0.07288,0.98198,0.83244,0.64935,0.72951,0.98488,3.18498,0.11173,0.0,558693.0,0.02469,0.97802,0.43242,0.35432,0.38837,0.79182,3.18808,0.20148,0.0,558693.0,0.02472,0.96419,0.40359,0.27,0.32244,0.77154,1.02942,0.97057,1.09531,0.90468,1.10758,0.89242,1.12347,0.87654,1.13792,0.86209,1.11091,0.88909,1.11318,0.88681,1.09597,0.90403,1.08539,0.91462,1.05114,0.94885
65.0,74.56849,2566.55414,0.71293,0.05079,3e-05,558693.0,0.07247,0.98268,0.84227,0.66136,0.74085,0.985,3.11225,0.11561,0.0,558693.0,0.02412,0.97732,0.41809,0.33704,0.36873,0.78934,3.15564,0.20647,0.0,558693.0,0.02446,0.96445,0.40514,0.24846,0.30499,0.76685,1.02917,0.97081,1.09572,0.90426,1.10787,0.89212,1.12389,0.8761,1.13864,0.86137,1.11194,0.88807,1.11377,0.88624,1.09644,0.90354,1.08597,0.91404,1.05153,0.94845
66.0,74.08728,2490.37789,0.69177,0.04935,3e-05,558693.0,0.072,0.98276,0.84075,0.66583,0.74305,0.98602,3.1351,0.11049,0.0,558693.0,0.0243,0.97848,0.44866,0.34197,0.38542,0.79524,3.12742,0.20342,0.0,558693.0,0.02424,0.96499,0.41658,0.25539,0.31526,0.76963,1.0293,0.97069,1.09609,0.90391,1.10842,0.89158,1.12429,0.87571,1.13936,0.86065,1.11256,0.88744,1.11455,0.88545,1.09733,0.90267,1.08617,0.91384,1.05122,0.94878
67.0,74.73338,2414.56713,0.67071,0.04931,3e-05,558693.0,0.07263,0.98306,0.84465,0.67102,0.74786,0.98647,3.19016,0.11337,0.0,558693.0,0.02473,0.97792,0.43402,0.33951,0.37793,0.79409,3.14024,0.20712,0.0,558693.0,0.02434,0.96494,0.42124,0.27077,0.32754,0.77053,1.02922,0.97078,1.09654,0.90346,1.10907,0.89093,1.12483,0.87516,1.1401,0.85989,1.11281,0.88718,1.11531,0.88469,1.09804,0.90197,1.08661,0.91339,1.0513,0.9487
68.0,72.70782,2337.87757,0.64941,0.04906,3e-05,558693.0,0.07066,0.98304,0.8401,0.67589,0.74904,0.9866,3.13283,0.11531,0.0,558693.0,0.02428,0.97785,0.43224,0.35926,0.3896,0.78806,3.12165,0.20762,0.0,558693.0,0.0242,0.96363,0.39745,0.26461,0.31605,0.76807,1.02892,0.97107,1.09688,0.90312,1.10915,0.89085,1.1252,0.8748,1.14026,0.85973,1.11343,0.88657,1.11568,0.88433,1.0984,0.9016,1.08663,0.91337,1.05144,0.94857
69.0,72.48499,2261.20627,0.62811,0.04789,2e-05,558693.0,0.07044,0.98335,0.85076,0.67346,0.75168,0.98733,3.11675,0.11869,0.0,558693.0,0.02416,0.97744,0.42389,0.35185,0.38116,0.79096,3.09792,0.21394,0.0,558693.0,0.02401,0.96331,0.39684,0.26923,0.31746,0.76784,1.02886,0.97114,1.09714,0.90288,1.10946,0.89055,1.12604,0.87396,1.14108,0.85892,1.11393,0.88607,1.11618,0.88382,1.09863,0.90137,1.08678,0.91323,1.05128,0.94872
70.0,74.097,2185.31133,0.60703,0.04693,2e-05,558693.0,0.07201,0.98382,0.85151,0.68791,0.76096,0.98795,3.11788,0.11849,0.0,558693.0,0.02417,0.97771,0.42878,0.35062,0.38307,0.79303,3.14759,0.21592,0.0,558693.0,0.0244,0.96412,0.40605,0.26462,0.31773,0.76657,1.02867,0.97131,1.09726,0.90276,1.11011,0.88988,1.12634,0.87365,1.14153,0.85847,1.11435,0.88564,1.11667,0.88333,1.09905,0.90094,1.08721,0.91279,1.05103,0.94897
71.0,73.69213,2109.30888,0.58592,0.04696,2e-05,558693.0,0.07161,0.98364,0.85057,0.68312,0.75753,0.98835,3.19408,0.11797,0.0,558693.0,0.02476,0.97678,0.40651,0.35432,0.37627,0.7967,3.12548,0.21373,0.0,558693.0,0.02423,0.96402,0.40052,0.27462,0.32537,0.76901,1.02846,0.97152,1.09741,0.90259,1.11069,0.88931,1.12648,0.87352,1.14196,0.85804,1.11469,0.88531,1.11708,0.88292,1.09943,0.90057,1.08732,0.91269,1.05093,0.94907
72.0,74.62355,2033.71422,0.56492,0.04644,2e-05,558693.0,0.07252,0.98409,0.85391,0.69391,0.76562,0.98819,3.2054,0.12177,0.0,558693.0,0.02485,0.97656,0.39972,0.35926,0.3769,0.79231,3.18332,0.21719,0.0,558693.0,0.02468,0.96358,0.399,0.27846,0.32616,0.76866,1.02829,0.97171,1.09756,0.90245,1.11082,0.88918,1.12675,0.87325,1.14238,0.85762,1.11473,0.88527,1.1174,0.88261,1.09984,0.90015,1.08752,0.91248,1.0509,0.94909
73.0,77.14545,1959.03188,0.54417,0.046,2e-05,558693.0,0.07497,0.98421,0.85397,0.69764,0.7679,0.98872,3.15392,0.12102,0.0,558693.0,0.02445,0.97654,0.40016,0.35185,0.37165,0.79443,3.15357,0.22109,0.0,558693.0,0.02445,0.96382,0.40004,0.26769,0.3184,0.76687,1.02793,0.97206,1.09769,0.90231,1.11129,0.88872,1.12712,0.87287,1.14272,0.85728,1.11526,0.88475,1.1179,0.88209,1.09994,0.90005,1.08773,0.91227,1.05079,0.94921
74.0,76.07062,1883.92558,0.52331,0.04529,2e-05,558693.0,0.07393,0.98422,0.85291,0.69903,0.76826,0.98868,3.1264,0.11976,0.0,558693.0,0.02424,0.97741,0.42281,0.35309,0.38145,0.79014,3.12184,0.21855,0.0,558693.0,0.0242,0.96385,0.40112,0.26538,0.31694,0.76842,1.02763,0.97236,1.0978,0.90218,1.11109,0.8889,1.12726,0.87274,1.14304,0.85695,1.11548,0.88452,1.11816,0.88184,1.10012,0.89989,1.0877,0.91229,1.0508,0.94919
75.0,74.98446,1808.4509,0.50235,0.04511,2e-05,558693.0,0.07287,0.9844,0.8576,0.69959,0.77051,0.9892,3.13218,0.12021,0.0,558693.0,0.02428,0.97707,0.41156,0.35679,0.37985,0.79434,3.1359,0.21979,0.0,558693.0,0.02431,0.96317,0.38618,0.26308,0.31103,0.76907,1.02763,0.97236,1.09812,0.90186,1.11142,0.88859,1.12775,0.87223,1.14341,0.8566,1.11588,0.88412,1.11856,0.88143,1.10036,0.89964,1.08807,0.91194,1.05075,0.94924
76.0,75.23553,1733.06396,0.48141,0.04407,1e-05,558693.0,0.07311,0.98477,0.85963,0.70909,0.77706,0.98966,3.11702,0.12023,0.0,558693.0,0.02416,0.97727,0.41832,0.34938,0.37827,0.79581,3.12348,0.21875,0.0,558693.0,0.02421,0.96416,0.40586,0.26692,0.32019,0.76943,1.02733,0.97267,1.09848,0.90151,1.11158,0.88842,1.12797,0.87202,1.14362,0.85638,1.11608,0.88391,1.11866,0.88134,1.10075,0.89925,1.0883,0.91171,1.0508,0.9492
77.0,74.62254,1657.508,0.46042,0.04368,1e-05,558693.0,0.07252,0.98466,0.85569,0.70998,0.77601,0.98993,3.14621,0.11987,0.0,558693.0,0.02439,0.97807,0.43978,0.34938,0.38673,0.79266,3.13683,0.21902,0.0,558693.0,0.02432,0.96523,0.4215,0.25846,0.31925,0.76901,1.02722,0.97278,1.09855,0.90145,1.11187,0.88813,1.12802,0.87197,1.14387,0.85613,1.11623,0.88377,1.1188,0.88119,1.10099,0.899,1.08834,0.91166,1.05058,0.94942
78.0,75.10756,1582.1046,0.43947,0.04329,1e-05,558693.0,0.07299,0.98471,0.85683,0.71055,0.77675,0.99035,3.12789,0.12123,0.0,558693.0,0.02425,0.97744,0.41916,0.35432,0.38267,0.79443,3.1478,0.22175,0.0,558693.0,0.0244,0.96421,0.40421,0.26154,0.31581,0.76831,1.0271,0.97288,1.09875,0.90125,1.11217,0.88783,1.12826,0.87173,1.14421,0.8558,1.11647,0.88352,1.11896,0.88104,1.10129,0.89872,1.08856,0.91143,1.05052,0.94948
79.0,74.78086,1506.62692,0.41851,0.04388,1e-05,558693.0,0.07268,0.98489,0.8621,0.70998,0.77866,0.98956,3.11796,0.123,0.0,558693.0,0.02417,0.97712,0.41115,0.35926,0.38265,0.79284,3.11516,0.22415,0.0,558693.0,0.02415,0.9645,0.4097,0.27539,0.32897,0.76811,1.02685,0.97314,1.09881,0.90118,1.11238,0.88762,1.12841,0.87158,1.14447,0.85553,1.11671,0.88329,1.11936,0.88065,1.10161,0.89838,1.08865,0.91134,1.05044,0.94955
80.0,74.73661,1431.15607,0.39754,0.04271,1e-05,558693.0,0.07263,0.98532,0.86318,0.72257,0.78662,0.99034,3.15055,0.12395,0.0,558693.0,0.02442,0.97761,0.42832,0.3642,0.39126,0.79358,3.11648,0.22504,0.0,558693.0,0.02416,0.96487,0.41943,0.27539,0.33108,0.76908,1.02685,0.97315,1.09905,0.90096,1.11259,0.88741,1.12857,0.87143,1.14464,0.85534,1.11691,0.88309,1.1197,0.88029,1.10168,0.89831,1.08872,0.91128,1.05036,0.94964
81.0,72.47265,1355.20616,0.37645,0.04263,1e-05,558693.0,0.07043,0.9851,0.86314,0.71558,0.78244,0.99073,3.09535,0.12434,0.0,558693.0,0.024,0.97707,0.41958,0.3679,0.3887,0.79483,3.09907,0.2272,0.0,558693.0,0.02402,0.96353,0.39671,0.27923,0.3266,0.76806,1.02664,0.97334,1.09911,0.90088,1.11278,0.88722,1.12875,0.87124,1.14486,0.85513,1.11703,0.88295,1.11994,0.88006,1.10191,0.89809,1.08878,0.91123,1.05046,0.94955
82.0,72.24375,1279.29316,0.35536,0.04191,1e-05,558693.0,0.07021,0.98535,0.86284,0.7237,0.78715,0.99077,3.0806,0.12511,0.0,558693.0,0.02388,0.97729,0.42195,0.35556,0.38315,0.79206,3.06445,0.22728,0.0,558693.0,0.02376,0.96438,0.40843,0.26846,0.32286,0.7677,1.02647,0.97351,1.09916,0.90085,1.11291,0.8871,1.12886,0.87114,1.14504,0.85496,1.1173,0.88269,1.12007,0.87991,1.10211,0.89789,1.08889,0.91111,1.05043,0.94958
83.0,72.18721,1203.45674,0.33429,0.04255,1e-05,558693.0,0.07015,0.98524,0.86274,0.72062,0.78524,0.99054,3.1033,0.12687,0.0,558693.0,0.02406,0.97751,0.4297,0.3716,0.39468,0.79173,3.11763,0.22844,0.0,558693.0,0.02417,0.9636,0.39879,0.27769,0.32466,0.77083,1.02648,0.97352,1.09927,0.90073,1.11298,0.88702,1.12905,0.87095,1.1452,0.85482,1.11736,0.88264,1.12019,0.87979,1.10218,0.8978,1.08901,0.91099,1.05032,0.94969
84.0,71.92534,1127.65998,0.31324,0.04103,1e-05,558693.0,0.0699,0.98575,0.86721,0.73141,0.79352,0.99101,3.08287,0.12521,0.0,558693.0,0.0239,0.97673,0.40544,0.36049,0.37977,0.7935,3.09705,0.22642,0.0,558693.0,0.02401,0.96353,0.39454,0.27539,0.32308,0.77069,1.0264,0.97358,1.09928,0.90072,1.11313,0.88687,1.12917,0.87085,1.14542,0.8546,1.11754,0.88245,1.12031,0.87967,1.10235,0.89764,1.08911,0.9109,1.05028,0.94971
85.0,71.74365,1051.92368,0.2922,0.04119,1e-05,558693.0,0.06972,0.98546,0.86408,0.72614,0.78903,0.99131,3.07118,0.12566,0.0,558693.0,0.02381,0.97812,0.44588,0.36173,0.396,0.79225,3.05333,0.22979,0.0,558693.0,0.02367,0.9645,0.4106,0.26,0.31671,0.76677,1.02635,0.97365,1.09932,0.90068,1.11321,0.88679,1.12931,0.87069,1.14544,0.85455,1.11768,0.88232,1.12043,0.87956,1.10241,0.89758,1.08914,0.91085,1.05019,0.94982
86.0,72.12133,976.3356,0.27121,0.04099,1e-05,558693.0,0.07009,0.98568,0.86924,0.72703,0.79178,0.99123,3.15598,0.12767,0.0,558693.0,0.02446,0.97732,0.42008,0.3679,0.39074,0.79233,3.12715,0.23256,0.0,558693.0,0.02424,0.96433,0.40754,0.26615,0.32059,0.76828,1.02638,0.97361,1.09939,0.90059,1.11337,0.88664,1.12939,0.87061,1.14562,0.85438,1.11774,0.88226,1.12054,0.87946,1.10246,0.89754,1.08922,0.91076,1.05016,0.94984
87.0,72.07735,900.8203,0.25023,0.04106,0.0,558693.0,0.07004,0.98572,0.86635,0.73149,0.79317,0.99151,3.08581,0.12768,0.0,558693.0,0.02392,0.97722,0.41789,0.37037,0.39105,0.7938,3.08499,0.23094,0.0,558693.0,0.02392,0.96399,0.40276,0.27846,0.32819,0.76953,1.02644,0.97355,1.09944,0.90056,1.11344,0.88656,1.12954,0.87046,1.14562,0.85437,1.11784,0.88216,1.12063,0.87937,1.10256,0.89744,1.08932,0.91067,1.05012,0.94988
88.0,71.81545,825.3499,0.22926,0.04153,0.0,558693.0,0.06979,0.98566,0.86602,0.73012,0.79225,0.99088,3.09533,0.12629,0.0,558693.0,0.024,0.97819,0.44436,0.36914,0.40023,0.7941,3.08052,0.2316,0.0,558693.0,0.02388,0.96513,0.42321,0.26615,0.32534,0.76811,1.02641,0.97358,1.09946,0.90053,1.11346,0.88653,1.12957,0.87043,1.14576,0.85424,1.11794,0.88207,1.1207,0.87928,1.10254,0.89744,1.08932,0.91067,1.05005,0.94995
89.0,71.44385,749.91943,0.20831,0.04065,0.0,558693.0,0.06943,0.98576,0.87036,0.72816,0.79285,0.99158,3.09341,0.12645,0.0,558693.0,0.02398,0.97712,0.4217,0.36173,0.38464,0.79325,3.09151,0.22937,0.0,558693.0,0.02397,0.96382,0.40142,0.27,0.32041,0.76861,1.02633,0.97367,1.09945,0.90055,1.11352,0.88648,1.1296,0.87039,1.14581,0.85419,1.11799,0.88199,1.12077,0.87923,1.10264,0.89735,1.08936,0.91065,1.05005,0.94995
90.0,72.32002,674.66323,0.18741,0.04028,0.0,558693.0,0.07028,0.98589,0.86689,0.73644,0.7963,0.99181,3.10266,0.12595,0.0,558693.0,0.02405,0.97751,0.42631,0.36296,0.38966,0.79267,3.10881,0.2304,0.0,558693.0,0.0241,0.96421,0.40717,0.27308,0.3256,0.7665,1.02633,0.97366,1.09949,0.9005,1.11357,0.88643,1.12968,0.87031,1.14583,0.85416,1.11812,0.88188,1.12082,0.87917,1.10271,0.89729,1.0894,0.9106,1.04999,0.95
91.0,73.26411,599.55296,0.16654,0.03994,0.0,558693.0,0.0712,0.98615,0.87158,0.7392,0.79988,0.99184,3.10277,0.12643,0.0,558693.0,0.02405,0.97761,0.43168,0.36296,0.39035,0.79343,3.1036,0.23166,0.0,558693.0,0.02406,0.96411,0.40585,0.26846,0.32131,0.76722,1.02628,0.97372,1.09955,0.90044,1.11361,0.88639,1.12973,0.87027,1.14589,0.85411,1.11816,0.88183,1.12086,0.87914,1.10273,0.89726,1.0894,0.91059,1.04995,0.95005
92.0,74.04062,524.54083,0.14571,0.0405,0.0,558693.0,0.07195,0.98577,0.86544,0.73425,0.79442,0.99178,3.12404,0.12789,0.0,558693.0,0.02422,0.97685,0.41125,0.3716,0.38811,0.79368,3.12774,0.23192,0.0,558693.0,0.02424,0.96382,0.40157,0.27615,0.32569,0.76793,1.02628,0.97372,1.09955,0.90044,1.11364,0.88637,1.12974,0.87026,1.14592,0.85407,1.11822,0.88177,1.12088,0.87911,1.10275,0.89723,1.08943,0.91056,1.04991,0.95009
93.0,73.87442,449.53877,0.12487,0.0398,0.0,558693.0,0.07179,0.98618,0.87069,0.74099,0.80053,0.99193,3.1085,0.12632,0.0,558693.0,0.0241,0.97773,0.43356,0.36049,0.39023,0.7943,3.1041,0.2318,0.0,558693.0,0.02406,0.96448,0.41359,0.27154,0.326,0.76824,1.02625,0.97375,1.09958,0.90041,1.11367,0.88633,1.12973,0.87024,1.14592,0.85406,1.11823,0.88176,1.12092,0.87908,1.10278,0.89722,1.08945,0.91054,1.04991,0.9501
94.0,72.95017,374.5118,0.10403,0.03939,0.0,558693.0,0.0709,0.98626,0.87128,0.74318,0.80203,0.99179,3.10012,0.12501,0.0,558693.0,0.02403,0.97751,0.4261,0.3679,0.39284,0.79544,3.0964,0.22855,0.0,558693.0,0.024,0.96433,0.40788,0.27539,0.32791,0.76868,1.02624,0.97376,1.09959,0.9004,1.1137,0.8863,1.12975,0.87025,1.14595,0.85406,1.11824,0.88177,1.12096,0.87904,1.10281,0.89719,1.08946,0.91053,1.04989,0.95012
95.0,72.00909,299.48889,0.08319,0.03973,0.0,558693.0,0.06998,0.98638,0.87531,0.74188,0.80304,0.99192,3.11231,0.12796,0.0,558693.0,0.02412,0.97681,0.41314,0.37778,0.39111,0.79304,3.1068,0.23252,0.0,558693.0,0.02409,0.96324,0.3941,0.27539,0.32187,0.76731,1.02622,0.97378,1.09962,0.90037,1.11372,0.8863,1.12979,0.87021,1.14595,0.85404,1.11826,0.88173,1.12096,0.87903,1.10283,0.89717,1.08945,0.91053,1.04986,0.95014
96.0,72.88416,224.55518,0.06238,0.03945,0.0,558693.0,0.07083,0.98626,0.87245,0.74172,0.8017,0.99192,3.09163,0.12646,0.0,558693.0,0.02397,0.97809,0.44214,0.35432,0.38967,0.79333,3.09196,0.23273,0.0,558693.0,0.02397,0.96528,0.42834,0.26616,0.32603,0.76791,1.02622,0.97377,1.09962,0.90039,1.11374,0.88628,1.12979,0.87021,1.14597,0.85401,1.11826,0.88174,1.12098,0.87901,1.10285,0.89715,1.08948,0.91052,1.04985,0.95015
97.0,73.34409,149.67268,0.04158,0.03946,0.0,558693.0,0.07128,0.98615,0.87224,0.73856,0.79978,0.99222,3.09338,0.12821,0.0,558693.0,0.02398,0.97746,0.42804,0.37407,0.39595,0.79267,3.10806,0.23328,0.0,558693.0,0.02409,0.96353,0.39575,0.27538,0.32298,0.7672,1.02621,0.97378,1.09963,0.90038,1.11372,0.88628,1.12979,0.87021,1.14598,0.85401,1.11826,0.88174,1.12099,0.87899,1.10285,0.89714,1.0895,0.9105,1.04984,0.95016
98.0,71.35064,74.80113,0.02078,0.03938,0.0,558693.0,0.06934,0.98637,0.87248,0.74489,0.8036,0.99205,3.08932,0.12919,0.0,558693.0,0.02395,0.97736,0.42985,0.37284,0.39496,0.79407,3.10164,0.23408,0.0,558693.0,0.02404,0.96412,0.40744,0.27692,0.32773,0.76804,1.0262,0.97378,1.09964,0.90036,1.11373,0.88627,1.12979,0.87021,1.14599,0.85401,1.11826,0.88174,1.12099,0.87899,1.10285,0.89714,1.08949,0.9105,1.04984,0.95016
99.0,73.57801,0.0,0.0,0.03989,0.0,558693.0,0.0715,0.98615,0.87254,0.73791,0.79952,0.99201,3.13317,0.12732,0.0,558693.0,0.02429,0.97746,0.42847,0.36914,0.39319,0.79453,3.10548,0.23312,0.0,558693.0,0.02407,0.96428,0.40726,0.26923,0.32285,0.76826,1.0262,0.97378,1.09964,0.90036,1.11373,0.88627,1.12979,0.87021,1.14599,0.85401,1.11826,0.88174,1.12098,0.87899,1.10285,0.89714,1.08949,0.9105,1.04984,0.95016
0.0,16.50925,1634.41579,0.45401,0.08706,0.0,0.0,0.01604,0.44046,0.01688,0.48369,0.03208,0.02849,0.29516,0.08819,0.0,0.0,0.00229,0.45075,0.00895,0.48054,0.0173,0.03871,0.27578,0.08706,0.0,0.0,0.00214,0.43367,0.01503,0.47253,0.02783,0.05057,0.0,0.0,0.0,0.0,0.0,0.0,0.0,0.0,0.0,0.0,0.0,0.0,0.0,0.0,0.0,0.0,0.0,0.0,0.0,0.0
0.0,7.97321,1008.07,0.28002,0.07973,0.0,0.0,0.00775,0.10573,0.02001,0.12263,0.03259,0.01543,0.18645,0.04398,0.0,0.0,0.00145,0.00031,0.0,0.0,0.0,0.03734,0.18399,0.03733,0.0,0.0,0.00143,0.00031,0.0,0.0,0.0,0.02671,0.0,0.0,0.0,0.0,0.0,0.0,0.0,0.0,0.0,0.0,0.0,0.0,0.0,0.0,0.0,0.0,0.0,0.0,0.0,0.0
0.0,8.26463,833.33648,0.23148,0.00943,0.0,0.0,0.00803,3e-05,0.09035,0.00051,0.00102,0.03042,0.12025,0.00183,0.0,0.0,0.00093,0.0,0.0,0.0,0.0,0.012,0.19291,0.00242,0.0,0.0,0.0015,0.0,0.0,0.0,0.0,0.01655,0.00429,0.00429,0.00341,0.00341,0.00404,0.00404,0.00386,0.00386,0.00447,0.00447,0.00551,0.00551,0.00524,0.00524,0.0056,0.0056,0.00461,0.00461,0.00416,0.00416
0.0,12.64463,848.91308,0.23581,0.00188,0.0,0.0,0.01229,2e-05,0.17129,0.00334,0.00655,0.01083,0.17735,0.00222,0.0,0.0,0.00138,0.0,0.0,0.0,0.0,0.01874,0.16914,0.0025,0.0,0.0,0.00131,0.0,0.0,0.0,0.0,0.01158,0.00579,0.00579,0.0064,0.0064,0.00515,0.00515,0.00487,0.00487,0.00655,0.00655,0.00647,0.00647,0.00557,0.00557,0.0061,0.0061,0.00711,0.00711,0.00546,0.00546
0.0,9.84082,822.80028,0.22856,0.00161,0.0,0.0,0.00956,0.00014,0.3548,0.01594,0.02995,0.01016,0.18121,0.0047,0.0,0.0,0.0014,0.00116,0.29479,0.07418,0.11121,0.0209,0.17953,0.0047,0.0,0.0,0.00139,0.00166,0.32255,0.0992,0.12977,0.0231,0.00603,0.00605,0.00739,0.00739,0.00524,0.00524,0.0045,0.0045,0.00689,0.00689,0.00749,0.00749,0.00687,0.00687,0.00655,0.00655,0.00733,0.00733,0.00558,0.00558
0.0,8.35288,790.67993,0.21963,0.00107,0.0,0.0,0.00812,0.00046,0.34726,0.03888,0.06765,0.0065,0.10874,0.00724,0.0,0.0,0.00084,0.00044,0.32632,0.06985,0.10825,0.0278,0.11984,0.00636,0.0,0.0,0.00093,0.00139,0.39329,0.09389,0.13943,0.0138,0.00623,0.00622,0.00781,0.0078,0.00638,0.00638,0.0049,0.00491,0.00821,0.00821,0.00905,0.00905,0.00689,0.00689,0.00605,0.00605,0.00748,0.00748,0.00547,0.00547
0.0,9.81646,791.28377,0.2198,0.00105,0.0,0.0,0.00954,0.00068,0.25233,0.05566,0.08868,0.00564,0.10953,0.00241,0.0,0.0,0.00085,0.00074,0.23208,0.07292,0.09635,0.0195,0.09565,0.00415,0.0,0.0,0.00074,0.00171,0.34872,0.11487,0.15371,0.01344,0.00632,0.00632,0.00864,0.00864,0.00675,0.00675,0.00552,0.00552,0.01028,0.01028,0.0105,0.0105,0.00774,0.00774,0.00571,0.00571,0.00742,0.00743,0.00559,0.00559
0.0,9.1095,784.215,0.21784,0.00101,0.0,0.0,0.00885,0.00093,0.20246,0.05825,0.08893,0.00624,0.19852,0.00568,0.0,0.0,0.00154,0.00165,0.22211,0.07027,0.10019,0.01515,0.18179,0.00325,0.0,0.0,0.00141,0.00125,0.19449,0.08071,0.11024,0.01078,0.00589,0.00589,0.0083,0.0083,0.00856,0.00856,0.00705,0.00705,0.01132,0.01132,0.01056,0.01056,0.00938,0.00938,0.00606,0.00606,0.00777,0.00777,0.00595,0.00596
0.0,7.80288,757.98901,0.21055,0.00101,0.0,0.0,0.00758,0.00098,0.02047,0.05778,0.08312,0.00499,0.20609,0.00452,0.0,0.0,0.0016,0.00092,0.08287,0.03683,0.04879,0.02642,0.21776,0.00382,0.0,0.0,0.00169,0.00187,0.15557,0.05793,0.08285,0.00727,0.00699,0.00699,0.00889,0.00889,0.01024,0.01024,0.00811,0.00811,0.01229,0.01229,0.01221,0.01221,0.00981,0.00981,0.00657,0.00657,0.00865,0.00865,0.00742,0.00742
0.0,8.24317,734.16279,0.20393,0.00106,0.0,0.0,0.00801,0.00069,0.01662,0.03247,0.03904,0.00552,0.21586,0.00257,0.0,0.0,0.00167,0.00131,0.09475,0.05656,0.05821,0.01917,0.20668,0.00316,0.0,0.0,0.0016,0.002,0.18323,0.09175,0.11839,0.01817,0.00675,0.00675,0.00853,0.00854,0.01066,0.01066,0.00869,0.00869,0.01343,0.01343,0.01281,0.01281,0.01122,0.01122,0.00753,0.00753,0.00791,0.00791,0.00804,0.00804
0.0,7.84747,719.16312,0.19977,0.00089,0.0,0.0,0.00763,0.0005,0.01711,0.01022,0.01172,0.00461,0.19601,0.00352,0.0,0.0,0.00152,0.00078,0.0727,0.03646,0.03923,0.02109,0.19233,0.00488,0.0,0.0,0.00149,0.00148,0.20361,0.09231,0.12065,0.01692,0.00699,0.00699,0.00885,0.00886,0.01094,0.01094,0.01028,0.01028,0.01478,0.01479,0.01352,0.01352,0.01139,0.01139,0.00853,0.00853,0.00761,0.00763,0.00884,0.00884
0.0,7.13708,695.13243,0.19309,0.00073,0.0,0.0,0.00694,0.00031,0.01516,0.00832,0.00748,0.00365,0.19818,0.00408,0.0,0.0,0.00154,0.00119,0.09335,0.05976,0.05731,0.02256,0.19704,0.0045,0.0,0.0,0.00153,0.00175,0.13312,0.08771,0.10688,0.01226,0.00675,0.00675,0.00925,0.00925,0.01254,0.01254,0.01141,0.01141,0.01616,0.01616,0.01363,0.01362,0.01286,0.01286,0.00851,0.00852,0.0079,0.0079,0.00994,0.00994
0.0,7.21917,676.97633,0.18805,0.00107,0.0,0.0,0.00702,0.00029,0.01099,0.00816,0.00777,0.00491,0.20307,0.00239,0.0,0.0,0.00157,0.00079,0.06291,0.03465,0.03416,0.01788,0.21633,0.0035,0.0,0.0,0.00168,0.00134,0.06432,0.03284,0.02516,0.01257,0.00733,0.00732,0.00919,0.00919,0.01371,0.01371,0.01229,0.01229,0.01629,0.01629,0.01455,0.01458,0.01342,0.01342,0.00915,0.00915,0.00759,0.00759,0.01049,0.01049
0.0,7.40185,662.71357,0.18409,0.00098,0.0,0.0,0.00719,0.00043,0.0131,0.00942,0.01014,0.00623,0.21524,0.00268,0.0,0.0,0.00167,0.00157,0.09785,0.05155,0.05549,0.01698,0.20231,0.00357,0.0,0.0,0.00157,0.00093,0.06448,0.09109,0.11008,0.02196,0.00719,0.00721,0.00952,0.00952,0.01409,0.01408,0.01309,0.01309,0.01719,0.01719,0.0151,0.01511,0.01426,0.01425,0.01,0.01001,0.00689,0.00689,0.01089,0.01089
0.0,7.79945,651.42731,0.18095,0.00123,0.0,0.0,0.00758,0.00034,0.01117,0.01015,0.00936,0.00445,0.19713,0.00234,0.0,0.0,0.00153,0.00113,0.07787,0.04626,0.04088,0.01906,0.18399,0.00346,0.0,0.0,0.00143,0.0013,0.0821,0.09759,0.09189,0.02068,0.0072,0.0072,0.01063,0.01063,0.01479,0.01478,0.01348,0.01348,0.01818,0.0182,0.0166,0.0166,0.01561,0.01561,0.01151,0.01151,0.00709,0.00708,0.01102,0.01102
0.0,7.93054,644.06373,0.17891,0.00105,0.0,0.0,0.00771,0.00035,0.01146,0.00717,0.00739,0.00456,0.19891,0.00791,0.0,0.0,0.00154,0.00412,0.14079,0.04931,0.05312,0.01828,0.19338,0.00875,0.0,0.0,0.0015,0.00531,0.126,0.07962,0.05227,0.01645,0.00733,0.00733,0.01062,0.01062,0.0145,0.0145,0.01297,0.01297,0.01881,0.01882,0.01789,0.01789,0.01649,0.01648,0.01204,0.01204,0.0072,0.0072,0.01183,0.01184
0.0,8.08771,637.44386,0.17707,0.00088,0.0,0.0,0.00786,0.00032,0.01023,0.01136,0.00983,0.00456,0.1046,0.00501,0.0,0.0,0.00081,0.00203,0.08458,0.03353,0.03721,0.02041,0.09342,0.00294,0.0,0.0,0.00072,0.00239,0.07049,0.05064,0.03617,0.00882,0.00858,0.00858,0.01022,0.01024,0.01462,0.01462,0.01351,0.0135,0.01965,0.01966,0.0182,0.0182,0.01722,0.01722,0.01213,0.01214,0.00717,0.00716,0.01242,0.01242
0.0,8.45077,632.17613,0.1756,0.00103,0.0,0.0,0.00821,0.00036,0.01154,0.00815,0.0078,0.00363,0.08133,0.00119,0.0,0.0,0.00063,0.00085,0.06576,0.04347,0.03945,0.01721,0.09273,0.00433,0.0,0.0,0.00072,0.00166,0.07158,0.05497,0.05528,0.00982,0.00824,0.00823,0.0111,0.01111,0.01534,0.01534,0.01388,0.01388,0.01994,0.01993,0.01843,0.01843,0.01669,0.01669,0.01329,0.01329,0.00743,0.0074,0.01245,0.01245
0.0,8.1888,625.38198,0.17372,0.00119,0.0,0.0,0.00796,0.00041,0.01426,0.01259,0.01056,0.00503,0.11935,0.00108,0.0,0.0,0.00093,0.00074,0.05337,0.0236,0.0263,0.01243,0.11215,0.00331,0.0,0.0,0.00087,0.00108,0.04771,0.0563,0.06072,0.01761,0.00788,0.00788,0.01117,0.01117,0.01568,0.01568,0.01428,0.01428,0.02065,0.02068,0.01929,0.01929,0.01724,0.01724,0.01331,0.0133,0.00738,0.00738,0.01259,0.01259
0.0,8.46149,619.76822,0.17216,0.0012,0.0,0.0,0.00822,0.00049,0.01102,0.01187,0.01183,0.00411,0.11615,0.00313,0.0,0.0,0.0009,0.00204,0.09592,0.03292,0.02678,0.01652,0.16111,0.0056,0.0,0.0,0.00125,0.00233,0.08697,0.04854,0.04099,0.01987,0.00785,0.00785,0.0123,0.0123,0.01582,0.01583,0.01525,0.01525,0.02114,0.02113,0.01916,0.01917,0.01818,0.01816,0.01352,0.01352,0.00696,0.00696,0.01278,0.01278
0.0,8.03878,612.28108,0.17008,0.00147,0.0,0.0,0.00781,0.00037,0.01064,0.00869,0.00814,0.00506,0.10949,0.00348,0.0,0.0,0.00085,0.00153,0.08337,0.04771,0.0394,0.01997,0.11253,0.00363,0.0,0.0,0.00087,0.00165,0.05199,0.05147,0.04311,0.01249,0.0087,0.0087,0.01273,0.01273,0.01631,0.01631,0.01626,0.01626,0.02188,0.02188,0.01987,0.01987,0.01849,0.01851,0.01412,0.01412,0.0071,0.00708,0.01362,0.01362
0.0,6.78946,598.75264,0.16632,0.00147,0.0,0.0,0.0066,0.00044,0.01322,0.01042,0.00968,0.00426,0.1224,0.00225,0.0,0.0,0.00095,0.00101,0.07557,0.04237,0.03792,0.017,0.08707,0.00439,0.0,0.0,0.00068,0.00137,0.04989,0.04565,0.04167,0.02316,0.00938,0.00938,0.01242,0.01242,0.01609,0.01609,0.01728,0.01726,0.0223,0.0223,0.02016,0.02016,0.01964,0.01964,0.01531,0.01531,0.00719,0.00719,0.0133,0.0133
0.0,8.5376,590.67856,0.16408,0.00126,0.0,0.0,0.0083,0.00042,0.00934,0.01371,0.01171,0.003,0.11598,0.00318,0.0,0.0,0.0009,0.00182,0.09887,0.02854,0.0387,0.02274,0.12734,0.00344,0.0,0.0,0.00099,0.00181,0.07005,0.04264,0.04633,0.00977,0.0097,0.0097,0.01343,0.01343,0.01586,0.01585,0.01792,0.01792,0.02259,0.0226,0.02078,0.02078,0.02081,0.0208,0.01616,0.01616,0.00698,0.00698,0.01376,0.01376
0.0,7.48986,580.70172,0.16131,0.00129,0.0,0.0,0.00728,0.00049,0.01612,0.009,0.00853,0.00448,0.35396,0.00446,0.0,0.0,0.00274,0.00174,0.10804,0.0255,0.02827,0.03102,0.24315,0.00711,0.0,0.0,0.00189,0.00162,0.06051,0.05739,0.05291,0.01885,0.0092,0.0092,0.01382,0.01382,0.01569,0.01567,0.01766,0.01766,0.02237,0.02237,0.02142,0.02142,0.0219,0.0219,0.0173,0.0173,0.00721,0.0072,0.01426,0.01426
0.0,7.08567,568.70735,0.15797,0.00184,0.0,0.0,0.00688,0.00055,0.01234,0.01255,0.012,0.00484,0.23765,0.004,0.0,0.0,0.00184,0.0016,0.07621,0.04255,0.04028,0.02405,0.21354,0.00488,0.0,0.0,0.00165,0.00264,0.0742,0.04739,0.04237,0.01719,0.00969,0.00968,0.0135,0.0135,0.01622,0.01622,0.01832,0.01831,0.02301,0.02303,0.02101,0.02101,0.02237,0.02239,0.0175,0.0175,0.00641,0.00641,0.01421,0.01421
0.0,7.60362,558.60876,0.15517,0.00144,0.0,0.0,0.00739,0.0007,0.01656,0.01104,0.01259,0.00424,0.31218,0.00275,0.0,0.0,0.00242,0.00107,0.06923,0.04175,0.03932,0.02,0.19615,0.00392,0.0,0.0,0.00152,0.00129,0.0529,0.07302,0.06354,0.0099,0.009,0.009,0.01368,0.01368,0.01545,0.01543,0.01856,0.01856,0.02328,0.02329,0.02138,0.02138,0.02294,0.02294,0.01883,0.01883,0.00629,0.00629,0.01434,0.01435
0.0,7.53063,548.32025,0.15231,0.00114,0.0,0.0,0.00732,0.00045,0.01229,0.01113,0.00979,0.00328,0.27757,0.00428,0.0,0.0,0.00215,0.00202,0.1077,0.0355,0.0375,0.02244,0.19989,0.00601,0.0,0.0,0.00155,0.00182,0.08014,0.05012,0.04741,0.01302,0.00861,0.00861,0.01405,0.01405,0.01468,0.01468,0.01937,0.01937,0.02372,0.02372,0.02148,0.02149,0.02373,0.02373,0.01897,0.01897,0.00692,0.00692,0.01473,0.01473
0.0,10.33477,545.09148,0.15142,0.00117,0.0,0.0,0.01005,0.00052,0.01201,0.01104,0.01055,0.00254,0.39139,0.00345,0.0,0.0,0.00303,0.00101,0.05521,0.02979,0.02852,0.02453,0.38944,0.00467,0.0,0.0,0.00302,0.00099,0.03275,0.03535,0.03536,0.01136,0.00807,0.00808,0.01421,0.01421,0.0156,0.0156,0.01966,0.01966,0.02381,0.02382,0.02252,0.02252,0.02462,0.02462,0.01968,0.0197,0.00687,0.00687,0.01578,0.01578
0.0,12.04823,544.35006,0.15121,0.001,0.0,0.0,0.01171,0.0004,0.00784,0.00888,0.00844,0.0027,0.29423,0.00451,0.0,0.0,0.00228,0.00162,0.06695,0.05372,0.04968,0.02489,0.12933,0.00714,0.0,0.0,0.001,0.00122,0.03729,0.06947,0.06667,0.01664,0.00927,0.00927,0.01473,0.01473,0.01602,0.016,0.02074,0.02074,0.0244,0.0244,0.02268,0.02268,0.02548,0.02547,0.01991,0.01991,0.00676,0.00676,0.01496,0.01496
0.0,12.89896,546.10015,0.15169,0.00141,0.0,0.0,0.01253,0.00049,0.01106,0.00993,0.00968,0.00398,0.11514,0.00485,0.0,0.0,0.00089,0.00152,0.09187,0.03104,0.03549,0.02557,0.25733,0.00657,0.0,0.0,0.002,0.00211,0.08822,0.0529,0.05761,0.01736,0.00837,0.00837,0.01428,0.01428,0.01596,0.01596,0.02128,0.02128,0.0243,0.0243,0.02368,0.02371,0.02575,0.02575,0.02099,0.02099,0.00751,0.00751,0.01519,0.01519
0.0,12.65976,545.05575,0.1514,0.00162,0.0,0.0,0.0123,0.00065,0.01442,0.0117,0.01222,0.0032,0.09075,0.00779,0.0,0.0,0.0007,0.00322,0.09065,0.03992,0.03478,0.01832,0.09301,0.00702,0.0,0.0,0.00072,0.00312,0.07176,0.05215,0.04566,0.01708,0.00903,0.00903,0.01489,0.01489,0.01577,0.01576,0.0225,0.0225,0.02486,0.02487,0.02356,0.02356,0.02675,0.02673,0.02191,0.02191,0.00785,0.00785,0.01573,0.01573
0.0,12.83542,544.15561,0.15115,0.00163,0.0,0.0,0.01247,0.00055,0.01623,0.01209,0.01038,0.00386,0.12735,0.00399,0.0,0.0,0.00099,0.00228,0.08874,0.03445,0.04288,0.02806,0.119,0.00421,0.0,0.0,0.00092,0.00239,0.07213,0.05476,0.04016,0.01062,0.00958,0.00958,0.01407,0.01406,0.01587,0.01585,0.02237,0.02236,0.02444,0.02445,0.0239,0.0239,0.02742,0.02742,0.02224,0.02224,0.00835,0.00835,0.01528,0.01528
0.0,13.35847,543.80667,0.15106,0.00126,0.0,0.0,0.01298,0.00054,0.01519,0.00832,0.00851,0.00269,0.19065,0.00344,0.0,0.0,0.00148,0.00156,0.07196,0.01913,0.02895,0.01616,0.13903,0.00582,0.0,0.0,0.00108,0.00169,0.04501,0.02345,0.02781,0.01322,0.0097,0.0097,0.01476,0.01475,0.01567,0.01567,0.0231,0.02309,0.0246,0.02463,0.0236,0.0236,0.02763,0.02763,0.02178,0.02178,0.00833,0.00833,0.01535,0.01537
0.0,8.22773,534.88571,0.14858,0.00157,0.0,0.0,0.00799,0.00047,0.00998,0.01309,0.01074,0.00337,0.30185,0.00545,0.0,0.0,0.00234,0.00228,0.06644,0.05089,0.03288,0.01722,0.19972,0.00657,0.0,0.0,0.00155,0.00199,0.0553,0.0569,0.05255,0.01633,0.00932,0.00931,0.01514,0.01513,0.01489,0.01489,0.0234,0.0234,0.02527,0.02527,0.02384,0.02384,0.02798,0.02798,0.02318,0.02318,0.00783,0.00783,0.01576,0.01574
0.0,7.21534,520.49587,0.14458,0.00144,0.0,0.0,0.00701,0.00049,0.01079,0.01295,0.01066,0.00315,0.26796,0.00565,0.0,0.0,0.00208,0.00196,0.08141,0.03211,0.03043,0.01856,0.23999,0.00559,0.0,0.0,0.00186,0.00206,0.07035,0.05485,0.05679,0.01276,0.00953,0.00953,0.01529,0.01529,0.015,0.01499,0.02366,0.02366,0.02545,0.02545,0.02366,0.02366,0.0287,0.0287,0.02289,0.02289,0.00842,0.00841,0.01563,0.01563
0.0,7.75428,507.24482,0.1409,0.00169,0.0,0.0,0.00754,0.00038,0.01345,0.01024,0.00707,0.00353,0.23917,0.00342,0.0,0.0,0.00185,0.00144,0.06354,0.03333,0.0258,0.02282,0.25447,0.00691,0.0,0.0,0.00197,0.0014,0.04089,0.03927,0.03889,0.01333,0.00877,0.00876,0.01563,0.01563,0.01475,0.01475,0.02393,0.02392,0.02586,0.02585,0.02381,0.02381,0.0294,0.02938,0.024,0.024,0.00854,0.00854,0.01664,0.01666
0.0,8.44686,498.79487,0.13855,0.00167,0.0,0.0,0.00821,0.0005,0.01266,0.00925,0.00873,0.00345,0.35275,0.00258,0.0,0.0,0.00273,0.00177,0.07659,0.03644,0.03061,0.0149,0.16271,0.00917,0.0,0.0,0.00126,0.00174,0.05215,0.04343,0.04019,0.01304,0.00883,0.00883,0.01598,0.01598,0.01545,0.01545,0.02408,0.02406,0.02534,0.02534,0.02421,0.02421,0.03035,0.03034,0.02383,0.02383,0.00854,0.00856,0.01614,0.01614
0.0,12.72583,494.88684,0.13747,0.00176,0.0,0.0,0.01237,0.00052,0.00985,0.0146,0.01163,0.00315,0.21552,0.00596,0.0,0.0,0.00167,0.00199,0.08716,0.0386,0.04616,0.01928,0.15731,0.00568,0.0,0.0,0.00122,0.00101,0.03233,0.03035,0.03199,0.00735,0.00921,0.00922,0.01618,0.01617,0.01557,0.01557,0.02489,0.02487,0.02469,0.0247,0.02417,0.02418,0.03076,0.03076,0.02466,0.02466,0.00835,0.00835,0.01714,0.01714
0.0,6.83069,483.44662,0.13429,0.00144,0.0,0.0,0.00664,0.00043,0.00836,0.01204,0.00945,0.00284,0.197,0.00444,0.0,0.0,0.00153,0.00173,0.07731,0.0451,0.04563,0.01165,0.1604,0.00321,0.0,0.0,0.00124,0.00174,0.06285,0.04935,0.0402,0.01143,0.00926,0.00926,0.01746,0.01747,0.01577,0.01578,0.02517,0.02517,0.02594,0.02596,0.02414,0.02414,0.03112,0.03113,0.02556,0.02555,0.00913,0.00913,0.01694,0.01695
0.0,6.14572,471.63848,0.13101,0.00168,0.0,0.0,0.00597,0.00058,0.01316,0.01505,0.01198,0.00284,0.11999,0.00472,0.0,0.0,0.00093,0.00305,0.11415,0.03396,0.03895,0.02367,0.08955,0.00863,0.0,0.0,0.00069,0.00381,0.06998,0.03208,0.03079,0.00932,0.0096,0.00961,0.01723,0.01724,0.01593,0.01593,0.02547,0.02549,0.02526,0.02526,0.02477,0.02477,0.03153,0.03153,0.02619,0.02619,0.00881,0.00881,0.01714,0.01713
0.0,6.50187,460.64644,0.12796,0.0016,0.0,0.0,0.00632,0.00057,0.00977,0.01376,0.01158,0.00278,0.153,0.00531,0.0,0.0,0.00119,0.00287,0.09586,0.02993,0.0379,0.01746,0.11451,0.00562,0.0,0.0,0.00089,0.00188,0.03619,0.05295,0.03679,0.01598,0.00861,0.00861,0.01755,0.01757,0.01496,0.01495,0.02568,0.02565,0.02491,0.0249,0.02473,0.02472,0.0321,0.03211,0.02691,0.02691,0.00927,0.00927,0.01737,0.01737
0.0,6.78849,450.33414,0.12509,0.00158,0.0,0.0,0.0066,0.00058,0.00974,0.01362,0.01146,0.00226,0.08945,0.00387,0.0,0.0,0.00069,0.00185,0.07461,0.02269,0.03301,0.01879,0.08757,0.00754,0.0,0.0,0.00068,0.00257,0.0687,0.04358,0.04918,0.01437,0.00947,0.00946,0.01731,0.01731,0.01511,0.01511,0.02587,0.02585,0.0254,0.0254,0.02518,0.02519,0.03242,0.03243,0.02652,0.02652,0.0103,0.0103,0.01804,0.01804
0.0,6.54791,440.17167,0.12227,0.00179,0.0,0.0,0.00636,0.00049,0.00749,0.01323,0.01044,0.00276,0.11166,0.00684,0.0,0.0,0.00087,0.00334,0.1007,0.04764,0.04612,0.0263,0.0923,0.0092,0.0,0.0,0.00072,0.00369,0.07553,0.0391,0.03664,0.00876,0.01058,0.01059,0.01727,0.01727,0.01625,0.01625,0.02543,0.02541,0.02544,0.02542,0.02449,0.02449,0.03255,0.03255,0.02651,0.02651,0.01024,0.01024,0.01806,0.01807
0.0,6.76131,430.31646,0.11953,0.00166,0.0,0.0,0.00657,0.00077,0.0142,0.01526,0.01402,0.00269,0.14979,0.00508,0.0,0.0,0.00116,0.00187,0.06007,0.02667,0.02531,0.01625,0.09703,0.00997,0.0,0.0,0.00075,0.0037,0.07438,0.06159,0.05211,0.01324,0.0103,0.0103,0.01739,0.01737,0.01501,0.01501,0.02567,0.02567,0.02533,0.02534,0.02415,0.02417,0.03321,0.03321,0.0268,0.0268,0.01063,0.01064,0.01748,0.01748
0.0,7.09701,420.80719,0.11689,0.00149,0.0,0.0,0.0069,0.00047,0.01159,0.01035,0.00835,0.0021,0.29403,0.00532,0.0,0.0,0.00228,0.00249,0.07579,0.02486,0.02258,0.01712,0.29917,0.01097,0.0,0.0,0.00232,0.00356,0.09067,0.0507,0.05202,0.0168,0.01018,0.01018,0.01746,0.01746,0.01483,0.01483,0.0265,0.02647,0.02497,0.02497,0.02453,0.02452,0.03358,0.03359,0.02661,0.02662,0.01043,0.01045,0.01748,0.0175
0.0,7.34696,411.34085,0.11426,0.00159,0.0,0.0,0.00714,0.00044,0.01076,0.01052,0.00808,0.00268,0.29481,0.00337,0.0,0.0,0.00229,0.00156,0.05349,0.02758,0.02359,0.00977,0.27409,0.01136,0.0,0.0,0.00212,0.00144,0.03199,0.0483,0.03809,0.01894,0.00992,0.00992,0.01762,0.01762,0.0145,0.01448,0.02684,0.02684,0.02497,0.02496,0.02452,0.02454,0.03372,0.03374,0.02713,0.02712,0.00979,0.00979,0.01822,0.01822
0.0,7.4817,401.86131,0.11163,0.00161,0.0,0.0,0.00727,0.00035,0.00979,0.00833,0.00605,0.00254,0.31348,0.00556,0.0,0.0,0.00243,0.00318,0.11396,0.03403,0.04531,0.01878,0.2797,0.00784,0.0,0.0,0.00217,0.00308,0.06091,0.03942,0.03641,0.01079,0.00992,0.00992,0.01796,0.01797,0.01468,0.01468,0.02771,0.02771,0.02566,0.02568,0.02517,0.02517,0.03337,0.03337,0.02761,0.02761,0.01056,0.01056,0.01784,0.01786
0.0,7.89149,393.03277,0.10918,0.00126,0.0,0.0,0.00767,0.00068,0.01549,0.00964,0.01045,0.00159,0.27057,0.00503,0.0,0.0,0.0021,0.00205,0.06942,0.02779,0.03546,0.01234,0.26717,0.0097,0.0,0.0,0.00207,0.00181,0.04414,0.04828,0.04806,0.01281,0.0104,0.01044,0.0179,0.01791,0.01485,0.01483,0.02785,0.02784,0.02566,0.02568,0.02549,0.02549,0.03328,0.03329,0.02764,0.02765,0.01079,0.01079,0.01824,0.01824
0.0,8.23052,384.97899,0.10694,0.00239,0.0,0.0,0.008,0.00071,0.00927,0.01772,0.01403,0.00227,0.19316,0.00367,0.0,0.0,0.0015,0.00177,0.05829,0.03253,0.03144,0.0142,0.15033,0.0072,0.0,0.0,0.00116,0.00238,0.0577,0.03227,0.02697,0.01163,0.01074,0.01074,0.01808,0.01808,0.01527,0.01529,0.02743,0.02743,0.02552,0.02552,0.02535,0.02535,0.03356,0.03356,0.02817,0.02819,0.01079,0.01079,0.01822,0.01822
0.0,8.13774,377.08175,0.10475,0.00173,0.0,0.0,0.00791,0.00056,0.00753,0.0147,0.0113,0.00234,0.11787,0.00644,0.0,0.0,0.00091,0.00179,0.05387,0.0353,0.03715,0.02103,0.11729,0.00898,0.0,0.0,0.00091,0.00247,0.04654,0.02559,0.02053,0.0126,0.01081,0.01082,0.01861,0.01861,0.01551,0.01551,0.02831,0.02831,0.02618,0.0262,0.02502,0.02502,0.03386,0.03387,0.0283,0.0283,0.01074,0.01074,0.01882,0.01882
0.0,8.34625,369.22756,0.10256,0.00151,0.0,0.0,0.00811,0.00072,0.01339,0.01302,0.01217,0.00174,0.20665,0.00508,0.0,0.0,0.0016,0.00273,0.08595,0.03137,0.04043,0.01172,0.10708,0.00697,0.0,0.0,0.00083,0.00213,0.054,0.05521,0.04853,0.01022,0.01089,0.01089,0.01894,0.01894,0.01522,0.0152,0.02897,0.02895,0.02653,0.02653,0.02513,0.02512,0.03412,0.03412,0.02901,0.02901,0.01139,0.01139,0.01924,0.01924
0.0,7.54596,361.13123,0.10031,0.00181,0.0,0.0,0.00733,0.00084,0.01561,0.01457,0.01391,0.00156,0.10814,0.00813,0.0,0.0,0.00084,0.00175,0.06061,0.04545,0.04538,0.01792,0.09951,0.011,0.0,0.0,0.00077,0.0022,0.05513,0.05562,0.04513,0.01584,0.01122,0.01123,0.01955,0.01955,0.01507,0.01507,0.0291,0.02909,0.02643,0.02645,0.02544,0.02545,0.03408,0.0341,0.02926,0.02926,0.01176,0.01176,0.01964,0.01963
0.0,7.22307,352.3349,0.09787,0.00158,0.0,0.0,0.00702,0.00057,0.0089,0.0158,0.01142,0.00168,0.10945,0.00449,0.0,0.0,0.00085,0.00159,0.05712,0.0369,0.03412,0.01589,0.08804,0.01003,0.0,0.0,0.00068,0.0027,0.06289,0.02512,0.02514,0.01451,0.01147,0.01147,0.01932,0.01932,0.01543,0.01541,0.02894,0.02892,0.02653,0.02653,0.02547,0.02547,0.03403,0.03403,0.02861,0.02861,0.01217,0.01217,0.02024,0.02023
0.0,7.51423,343.43515,0.0954,0.00192,0.0,0.0,0.0073,0.00052,0.00938,0.01146,0.00916,0.00262,0.32094,0.00561,0.0,0.0,0.00249,0.00245,0.06414,0.0323,0.02873,0.01464,0.31049,0.01212,0.0,0.0,0.00241,0.00189,0.03811,0.03943,0.02786,0.01345,0.01128,0.01128,0.01923,0.01922,0.01559,0.01559,0.02879,0.02879,0.02653,0.02653,0.02556,0.02556,0.03402,0.03402,0.02851,0.02851,0.01231,0.01231,0.02015,0.02015
0.0,6.48708,333.78306,0.09272,0.00131,0.0,0.0,0.0063,0.00039,0.00727,0.00893,0.00694,0.00143,0.35689,0.00673,0.0,0.0,0.00277,0.00223,0.08993,0.04463,0.04103,0.0199,0.34493,0.0138,0.0,0.0,0.00267,0.00191,0.05255,0.01471,0.01764,0.01083,0.01103,0.01103,0.01941,0.01941,0.01568,0.01568,0.02904,0.02904,0.02704,0.02705,0.02563,0.02561,0.03437,0.03437,0.02862,0.02862,0.01202,0.01202,0.02014,0.02014
0.0,6.30005,324.15904,0.09004,0.00158,0.0,0.0,0.00612,0.00061,0.01039,0.01248,0.01068,0.00116,0.33198,0.00492,0.0,0.0,0.00258,0.00163,0.0456,0.03625,0.02749,0.01425,0.32647,0.0114,0.0,0.0,0.00253,0.0019,0.05,0.03773,0.03362,0.01223,0.01121,0.01121,0.02013,0.02011,0.01538,0.01538,0.0288,0.0288,0.02724,0.02724,0.02569,0.02569,0.0346,0.03461,0.02906,0.02906,0.01243,0.01243,0.02013,0.02013
0.0,6.3912,314.88021,0.08747,0.00198,0.0,0.0,0.00621,0.00076,0.0096,0.01949,0.01444,0.00128,0.11939,0.0042,0.0,0.0,0.00093,0.00192,0.04826,0.03315,0.03091,0.01257,0.16333,0.01135,0.0,0.0,0.00127,0.00348,0.05021,0.04216,0.02944,0.01184,0.01109,0.01111,0.01983,0.01984,0.01498,0.015,0.0285,0.02851,0.0272,0.02719,0.02596,0.02596,0.03458,0.03459,0.02958,0.02958,0.01273,0.01273,0.02072,0.02072
0.0,5.86401,305.55177,0.08488,0.00152,0.0,0.0,0.0057,0.00065,0.01221,0.01651,0.01196,0.00137,0.10719,0.00575,0.0,0.0,0.00083,0.00278,0.07834,0.03453,0.03726,0.01164,0.10037,0.00981,0.0,0.0,0.00078,0.00236,0.03638,0.05255,0.03342,0.01122,0.01146,0.01146,0.01954,0.01955,0.01523,0.01522,0.02877,0.02877,0.02711,0.02715,0.02614,0.02616,0.03491,0.03493,0.02948,0.02948,0.01286,0.01284,0.02103,0.02103
0.0,6.00826,296.47156,0.08235,0.00118,0.0,0.0,0.00584,0.00037,0.00961,0.00757,0.00562,0.00148,0.11995,0.00462,0.0,0.0,0.00093,0.00183,0.05187,0.03872,0.03635,0.01753,0.1129,0.00839,0.0,0.0,0.00087,0.00282,0.03982,0.03851,0.02789,0.00876,0.01173,0.01173,0.02012,0.02011,0.0152,0.01521,0.02893,0.02893,0.0274,0.02742,0.02615,0.02615,0.0349,0.0349,0.02967,0.02967,0.01338,0.01339,0.02123,0.02123
0.0,5.95181,287.88605,0.07997,0.00103,0.0,0.0,0.00578,0.00054,0.009,0.01413,0.00987,0.00134,0.10355,0.00553,0.0,0.0,0.0008,0.0029,0.08337,0.04093,0.04342,0.01618,0.10413,0.00745,0.0,0.0,0.00081,0.00178,0.03288,0.02896,0.02227,0.00972,0.01185,0.01185,0.02054,0.02054,0.01537,0.01537,0.02872,0.02872,0.02731,0.02734,0.02634,0.02634,0.03477,0.03478,0.03001,0.03001,0.01331,0.01331,0.02132,0.02131
0.0,5.77461,279.26964,0.07757,0.00166,0.0,0.0,0.00561,0.00057,0.00675,0.01375,0.01039,0.00118,0.24937,0.00524,0.0,0.0,0.00193,0.0023,0.07022,0.0355,0.02706,0.01405,0.25093,0.00882,0.0,0.0,0.00195,0.00358,0.06297,0.02471,0.01819,0.00802,0.01171,0.01171,0.0203,0.0203,0.01589,0.01589,0.02881,0.02881,0.02707,0.02708,0.02646,0.02646,0.03471,0.03471,0.03002,0.03002,0.01337,0.01335,0.02151,0.02151
0.0,6.95904,271.34754,0.07537,0.00097,0.0,0.0,0.00676,0.00034,0.00761,0.00968,0.00617,0.00082,0.21101,0.00382,0.0,0.0,0.00164,0.00207,0.07397,0.04487,0.02734,0.01753,0.26334,0.00809,0.0,0.0,0.00204,0.00234,0.0561,0.02584,0.01791,0.01053,0.01198,0.012,0.02043,0.02043,0.01594,0.01594,0.02861,0.02861,0.02709,0.02711,0.02669,0.02669,0.03515,0.03515,0.03013,0.03012,0.01324,0.01324,0.02182,0.02182
0.0,7.56249,263.93289,0.07331,0.00211,0.0,0.0,0.00735,0.00062,0.01165,0.01792,0.01156,0.00171,0.13767,0.00615,0.0,0.0,0.00107,0.00189,0.05779,0.03772,0.04304,0.01349,0.13602,0.00867,0.0,0.0,0.00105,0.00134,0.02794,0.03403,0.02614,0.00599,0.01221,0.01221,0.02041,0.02042,0.01595,0.01596,0.02849,0.02848,0.02685,0.02688,0.02643,0.02643,0.03486,0.03487,0.03019,0.03019,0.01345,0.01345,0.02167,0.02169
0.0,6.22498,256.11122,0.07114,0.00159,0.0,0.0,0.00605,0.00053,0.0065,0.01297,0.00956,0.0012,0.28197,0.00579,0.0,0.0,0.00219,0.00204,0.06255,0.03201,0.02819,0.01884,0.24889,0.01068,0.0,0.0,0.00193,0.00213,0.03875,0.03268,0.02938,0.00697,0.01228,0.01228,0.02046,0.02046,0.01599,0.01599,0.0285,0.02849,0.02677,0.0268,0.02618,0.02618,0.03498,0.03499,0.02994,0.02994,0.01332,0.01332,0.02178,0.02177
0.0,6.50125,248.29302,0.06897,0.00167,0.0,0.0,0.00632,0.00067,0.0078,0.01608,0.01202,0.00115,0.19813,0.00587,0.0,0.0,0.00154,0.00174,0.05161,0.03863,0.0379,0.01721,0.18694,0.01182,0.0,0.0,0.00145,0.00185,0.03436,0.027,0.02275,0.00786,0.012,0.01201,0.02062,0.02063,0.0159,0.0159,0.02873,0.02873,0.02639,0.02639,0.02616,0.02616,0.03489,0.03491,0.02976,0.02976,0.01383,0.01383,0.02238,0.02237
0.0,6.77593,240.91669,0.06692,0.0013,0.0,0.0,0.00658,0.00049,0.0093,0.01256,0.00851,0.00157,0.10336,0.0055,0.0,0.0,0.0008,0.00255,0.06186,0.04871,0.03717,0.01122,0.0997,0.00818,0.0,0.0,0.00077,0.00202,0.03658,0.03873,0.02606,0.00879,0.01191,0.01191,0.02098,0.02099,0.01609,0.01607,0.02837,0.02836,0.02651,0.02651,0.02636,0.02635,0.03472,0.0347,0.02963,0.02964,0.01377,0.01378,0.02241,0.0224
0.0,7.33245,233.82486,0.06495,0.00186,0.0,0.0,0.00713,0.00069,0.0097,0.01615,0.01191,0.00142,0.13662,0.00459,0.0,0.0,0.00106,0.0023,0.07201,0.04117,0.03978,0.01386,0.11419,0.00827,0.0,0.0,0.00088,0.00199,0.04311,0.02804,0.02511,0.00699,0.01176,0.01179,0.02097,0.02097,0.01617,0.01617,0.02842,0.02842,0.0264,0.02641,0.02619,0.02619,0.03477,0.03479,0.03008,0.03008,0.01378,0.01378,0.02229,0.02229
0.0,7.85018,226.83225,0.06301,0.00174,0.0,0.0,0.00763,0.0007,0.01211,0.01161,0.01073,0.00098,0.27072,0.00496,0.0,0.0,0.0021,0.00236,0.0808,0.03738,0.03986,0.01351,0.13763,0.01032,0.0,0.0,0.00106,0.00229,0.04403,0.03136,0.02432,0.0092,0.01211,0.01213,0.021,0.02101,0.01642,0.01642,0.0287,0.0287,0.02636,0.02636,0.02627,0.02627,0.03472,0.03473,0.03007,0.03007,0.01421,0.01421,0.02239,0.02239
0.0,7.32173,219.07185,0.06085,0.00164,0.0,0.0,0.00712,0.00066,0.01204,0.01271,0.01038,0.00119,0.12625,0.00551,0.0,0.0,0.00098,0.00199,0.05254,0.04134,0.03042,0.01306,0.11576,0.01265,0.0,0.0,0.0009,0.00376,0.06236,0.0227,0.03132,0.00864,0.01237,0.01236,0.02111,0.02111,0.01626,0.01626,0.02854,0.02855,0.02634,0.02634,0.02611,0.02611,0.03482,0.03481,0.02998,0.02998,0.01423,0.01424,0.0226,0.02262
0.0,7.43169,211.53292,0.05876,0.00197,0.0,0.0,0.00722,0.0005,0.00955,0.01475,0.0091,0.00175,0.1128,0.00519,0.0,0.0,0.00088,0.00237,0.06934,0.03356,0.02888,0.01375,0.10301,0.0127,0.0,0.0,0.0008,0.00402,0.06314,0.02714,0.02202,0.0101,0.01224,0.01224,0.0212,0.02121,0.0161,0.01611,0.02846,0.02846,0.02632,0.02633,0.02631,0.02631,0.03471,0.03471,0.02998,0.02998,0.01451,0.01451,0.02265,0.02265
0.0,7.56782,204.41607,0.05678,0.00171,0.0,0.0,0.00735,0.00052,0.01028,0.0101,0.008,0.00092,0.10363,0.00696,0.0,0.0,0.0008,0.00244,0.06486,0.03825,0.03572,0.01227,0.135,0.01078,0.0,0.0,0.00105,0.00317,0.04604,0.02883,0.01966,0.01023,0.01217,0.01218,0.02115,0.02113,0.01631,0.0163,0.0282,0.02818,0.0264,0.0264,0.02653,0.02654,0.03474,0.03474,0.03001,0.03001,0.01432,0.01432,0.02273,0.02274
0.0,7.10043,197.27105,0.0548,0.00175,0.0,0.0,0.0069,0.00065,0.00947,0.01973,0.01225,0.00104,0.28363,0.00464,0.0,0.0,0.0022,0.00262,0.0581,0.03346,0.03266,0.01199,0.11073,0.00953,0.0,0.0,0.00086,0.00156,0.03066,0.02116,0.02135,0.00901,0.01229,0.01229,0.02106,0.02106,0.01599,0.01599,0.02817,0.02817,0.02633,0.02633,0.02638,0.02638,0.03505,0.03505,0.03008,0.03008,0.01442,0.01442,0.02294,0.02294
0.0,7.11238,190.05132,0.05279,0.0014,0.0,0.0,0.00691,0.00068,0.01155,0.01081,0.01028,0.00094,0.28611,0.00789,0.0,0.0,0.00222,0.00228,0.0543,0.0388,0.03817,0.01367,0.28197,0.00852,0.0,0.0,0.00219,0.00311,0.04305,0.02012,0.01597,0.00969,0.0122,0.0122,0.02089,0.0209,0.016,0.016,0.02821,0.02821,0.02628,0.02628,0.02627,0.02627,0.03511,0.03512,0.03006,0.03007,0.01452,0.01452,0.02317,0.02317
0.0,9.36137,182.87916,0.0508,0.00194,0.0,0.0,0.0091,0.00061,0.00969,0.01167,0.00969,0.00121,0.13263,0.00525,0.0,0.0,0.00103,0.00243,0.05801,0.04,0.03317,0.01146,0.15642,0.01158,0.0,0.0,0.00121,0.00289,0.04433,0.03073,0.02216,0.00817,0.01207,0.01208,0.02115,0.02115,0.01596,0.01596,0.02829,0.02832,0.02602,0.02602,0.02628,0.0263,0.03518,0.03519,0.02988,0.02988,0.01453,0.01453,0.02319,0.02319
0.0,7.94109,175.72923,0.04881,0.00267,0.0,0.0,0.00772,0.00091,0.01221,0.01881,0.01476,0.0018,0.10136,0.00442,0.0,0.0,0.00078,0.00242,0.06344,0.03913,0.0298,0.01427,0.10657,0.0147,0.0,0.0,0.00083,0.00294,0.05139,0.02621,0.01829,0.01117,0.01217,0.01216,0.02108,0.02108,0.01615,0.01616,0.02821,0.0282,0.02602,0.02604,0.02627,0.02627,0.03525,0.03527,0.02975,0.02976,0.01474,0.01474,0.02329,0.02329
0.0,7.68885,168.6948,0.04686,0.0015,0.0,0.0,0.00747,0.00048,0.00819,0.01211,0.00804,0.00118,0.10954,0.00432,0.0,0.0,0.00085,0.00192,0.04886,0.04009,0.0296,0.01362,0.13443,0.00794,0.0,0.0,0.00104,0.00285,0.04341,0.02507,0.0188,0.0085,0.01209,0.0121,0.02115,0.02117,0.01591,0.01593,0.02812,0.02813,0.02613,0.02613,0.02644,0.02644,0.03525,0.03523,0.02985,0.02985,0.01487,0.01487,0.02323,0.02323
0.0,8.31983,161.82249,0.04495,0.00197,0.0,0.0,0.00808,0.00052,0.00679,0.01402,0.009,0.00111,0.10042,0.00548,0.0,0.0,0.00078,0.0024,0.07368,0.02606,0.03313,0.01047,0.08144,0.00902,0.0,0.0,0.00063,0.00265,0.05444,0.02591,0.02383,0.01192,0.01232,0.01232,0.02101,0.02102,0.01589,0.01589,0.02817,0.02815,0.02615,0.02615,0.0265,0.02651,0.03515,0.03515,0.02986,0.02986,0.01488,0.01489,0.02328,0.02328
0.0,8.86391,155.07069,0.04307,0.00161,0.0,0.0,0.00861,0.00063,0.00794,0.01353,0.01031,0.00068,0.10742,0.00609,0.0,0.0,0.00083,0.00246,0.07177,0.0267,0.03185,0.01194,0.09816,0.00812,0.0,0.0,0.00076,0.00159,0.03295,0.0262,0.02177,0.00662,0.01227,0.01227,0.02104,0.02104,0.01605,0.01605,0.02801,0.02799,0.02604,0.02604,0.02639,0.02639,0.03507,0.03508,0.02992,0.02992,0.01512,0.01512,0.02325,0.02327
0.0,9.16281,148.36193,0.04121,0.00187,0.0,0.0,0.00891,0.00059,0.00949,0.01635,0.01017,0.00116,0.08856,0.00622,0.0,0.0,0.00069,0.00189,0.04917,0.02606,0.02775,0.00929,0.13757,0.01098,0.0,0.0,0.00106,0.00247,0.04474,0.0264,0.02236,0.00863,0.01216,0.01216,0.02133,0.02133,0.01605,0.01605,0.02811,0.02812,0.02605,0.02607,0.02631,0.02631,0.03511,0.03511,0.02996,0.02995,0.01515,0.01516,0.02327,0.02325
0.0,9.077,141.57429,0.03933,0.00112,0.0,0.0,0.00882,0.0005,0.00605,0.01032,0.00816,0.00077,0.08204,0.00472,0.0,0.0,0.00064,0.00194,0.05096,0.03211,0.03628,0.01162,0.09948,0.01133,0.0,0.0,0.00077,0.00146,0.03128,0.02077,0.0216,0.00944,0.01228,0.01228,0.02135,0.02136,0.01609,0.01609,0.02817,0.02819,0.02597,0.02597,0.02619,0.02619,0.035,0.035,0.02996,0.02994,0.01541,0.01538,0.02338,0.02338
0.0,8.71093,134.66149,0.03741,0.0018,0.0,0.0,0.00847,0.00051,0.00733,0.00965,0.00796,0.00106,0.15077,0.00683,0.0,0.0,0.00117,0.00224,0.06179,0.02806,0.02794,0.01369,0.10585,0.01138,0.0,0.0,0.00082,0.00204,0.0421,0.02733,0.0239,0.00905,0.01228,0.01228,0.02132,0.02131,0.01626,0.01626,0.02813,0.02813,0.02594,0.02593,0.02619,0.02619,0.03503,0.03503,0.02996,0.02994,0.01538,0.01538,0.02346,0.02346
0.0,7.66172,127.51715,0.03542,0.00123,0.0,0.0,0.00745,0.00054,0.00803,0.01059,0.00848,0.00084,0.07287,0.00479,0.0,0.0,0.00057,0.00275,0.07272,0.0259,0.02955,0.01158,0.09055,0.0105,0.0,0.0,0.0007,0.00268,0.04473,0.01624,0.01973,0.00946,0.01224,0.01226,0.02132,0.02132,0.01632,0.01632,0.02813,0.02812,0.0259,0.0259,0.02627,0.02626,0.035,0.035,0.02997,0.02997,0.0154,0.0154,0.02353,0.02355
0.0,8.33368,120.41427,0.03345,0.00175,0.0,0.0,0.0081,0.00074,0.01023,0.01277,0.01136,0.00088,0.058,0.00567,0.0,0.0,0.00045,0.00284,0.07278,0.02385,0.03371,0.0104,0.04731,0.01041,0.0,0.0,0.00037,0.00227,0.03687,0.01679,0.0149,0.00956,0.01218,0.0122,0.02133,0.02132,0.01645,0.01644,0.02809,0.02809,0.02577,0.02577,0.0262,0.02619,0.03497,0.03498,0.0299,0.0299,0.01544,0.01544,0.02349,0.02351
0.0,8.14808,113.28059,0.03147,0.00185,0.0,0.0,0.00792,0.00077,0.01177,0.01495,0.01195,0.00123,0.07475,0.00601,0.0,0.0,0.00058,0.00252,0.06716,0.04009,0.02935,0.01077,0.12407,0.00961,0.0,0.0,0.00096,0.00262,0.03987,0.0341,0.02059,0.00599,0.01224,0.01224,0.02153,0.02153,0.01648,0.01648,0.02806,0.02806,0.02572,0.02573,0.02622,0.02622,0.03495,0.03493,0.02987,0.02988,0.01553,0.01553,0.0236,0.02362
0.0,7.93936,106.14723,0.02949,0.00153,0.0,0.0,0.00772,0.00065,0.00992,0.01129,0.00978,0.00085,0.06238,0.00531,0.0,0.0,0.00048,0.00223,0.05733,0.02898,0.03047,0.01265,0.10939,0.01212,0.0,0.0,0.00085,0.00221,0.03494,0.02077,0.01422,0.0092,0.01225,0.01225,0.02154,0.02154,0.01639,0.01639,0.02811,0.0281,0.02574,0.02575,0.02628,0.02627,0.03484,0.03486,0.02996,0.02996,0.01553,0.01554,0.02369,0.02369
0.0,7.9341,99.03945,0.02751,0.00228,0.0,0.0,0.00771,0.00077,0.01394,0.01517,0.01166,0.00131,0.05888,0.00683,0.0,0.0,0.00046,0.00278,0.08182,0.02733,0.03497,0.01139,0.04562,0.01335,0.0,0.0,0.00035,0.0025,0.0467,0.01614,0.01223,0.0089,0.01216,0.01216,0.0216,0.0216,0.01642,0.01642,0.02804,0.02804,0.02579,0.02578,0.02631,0.02631,0.03487,0.03488,0.02997,0.02999,0.01549,0.0155,0.02369,0.02367
0.0,7.78786,91.92195,0.02553,0.00074,0.0,0.0,0.00757,0.00034,0.00707,0.00676,0.00508,0.00054,0.29157,0.00731,0.0,0.0,0.00226,0.00243,0.06032,0.03282,0.03845,0.01075,0.14998,0.01213,0.0,0.0,0.00116,0.00243,0.04548,0.02299,0.02169,0.00915,0.01216,0.01215,0.02161,0.02161,0.01644,0.01644,0.02808,0.02808,0.02572,0.02574,0.02629,0.02629,0.0349,0.0349,0.02993,0.02993,0.01553,0.01553,0.02386,0.02386
0.0,7.85482,84.82003,0.02356,0.00205,0.0,0.0,0.00763,0.00053,0.00852,0.01209,0.00841,0.00115,0.06997,0.00654,0.0,0.0,0.00054,0.00212,0.05435,0.0291,0.03088,0.01228,0.07027,0.01071,0.0,0.0,0.00054,0.00184,0.03082,0.02108,0.0159,0.00629,0.01216,0.01217,0.02166,0.02169,0.01641,0.01641,0.02802,0.02802,0.02577,0.02576,0.02627,0.02627,0.03489,0.03489,0.02985,0.02985,0.01555,0.01556,0.02389,0.02389
0.0,7.64528,77.71099,0.02159,0.0021,0.0,0.0,0.00743,0.00072,0.01162,0.01216,0.01071,0.00116,0.06591,0.00606,0.0,0.0,0.00051,0.00199,0.05838,0.03366,0.02302,0.00996,0.06405,0.00923,0.0,0.0,0.0005,0.00211,0.04015,0.02327,0.01908,0.00791,0.01218,0.0122,0.02163,0.02163,0.01639,0.0164,0.02795,0.02796,0.02574,0.02574,0.02625,0.02625,0.03485,0.03488,0.02988,0.02988,0.01563,0.01563,0.0239,0.0239
0.0,7.28292,70.54576,0.0196,0.00142,0.0,0.0,0.00708,0.00055,0.01159,0.01219,0.00836,0.00048,0.0592,0.00661,0.0,0.0,0.00046,0.00273,0.07942,0.03729,0.02969,0.01107,0.06291,0.00901,0.0,0.0,0.00049,0.00267,0.04593,0.02418,0.01371,0.00917,0.01215,0.01215,0.02159,0.02159,0.01636,0.01636,0.02801,0.02802,0.02577,0.02577,0.02632,0.0263,0.03483,0.03483,0.02986,0.02986,0.01564,0.01564,0.02396,0.02396
0.0,8.18301,63.51644,0.01764,0.00204,0.0,0.0,0.00795,0.00061,0.0101,0.01314,0.00957,0.00109,0.07168,0.00583,0.0,0.0,0.00056,0.00236,0.06609,0.0268,0.0304,0.01091,0.07126,0.00755,0.0,0.0,0.00055,0.0024,0.04123,0.01711,0.01582,0.00637,0.01218,0.0122,0.02164,0.02164,0.01637,0.01637,0.02794,0.02795,0.02575,0.02573,0.0263,0.0263,0.03483,0.03483,0.02985,0.02985,0.01562,0.01563,0.02393,0.02392
0.0,7.85369,56.43984,0.01568,0.00115,0.0,0.0,0.00763,0.00073,0.00955,0.01607,0.01173,0.00056,0.07559,0.00474,0.0,0.0,0.00059,0.00254,0.06926,0.03502,0.02698,0.01123,0.07498,0.01181,0.0,0.0,0.00058,0.00285,0.04478,0.019,0.01501,0.00803,0.01215,0.01215,0.02165,0.02165,0.01637,0.01637,0.02796,0.02796,0.02571,0.02571,0.0263,0.02629,0.03481,0.03481,0.02983,0.02983,0.01568,0.01569,0.02394,0.02394
0.0,8.49674,49.40246,0.01372,0.0024,0.0,0.0,0.00826,0.00075,0.01159,0.01406,0.01138,0.00104,0.0738,0.00468,0.0,0.0,0.00057,0.00241,0.05223,0.03049,0.02708,0.01173,0.09323,0.00888,0.0,0.0,0.00072,0.00253,0.04317,0.01793,0.01428,0.00669,0.01216,0.01216,0.02164,0.02163,0.01636,0.01636,0.02797,0.02797,0.02572,0.0257,0.02626,0.02626,0.03481,0.03482,0.02982,0.02984,0.01565,0.01566,0.02394,0.02394
0.0,8.14665,42.35234,0.01176,0.00208,0.0,0.0,0.00792,0.0008,0.01299,0.01614,0.0122,0.00083,0.0822,0.0049,0.0,0.0,0.00064,0.00264,0.07606,0.03852,0.03803,0.01223,0.07788,0.01061,0.0,0.0,0.0006,0.0027,0.04344,0.01778,0.01235,0.009,0.01213,0.01213,0.02161,0.02161,0.01637,0.01637,0.02794,0.02795,0.02571,0.02574,0.02628,0.02628,0.0348,0.03482,0.02982,0.02982,0.01567,0.01567,0.02394,0.02393
0.0,7.63086,35.27478,0.0098,0.00135,0.0,0.0,0.00742,0.00036,0.00984,0.01338,0.0063,0.0007,0.08883,0.00627,0.0,0.0,0.00069,0.00224,0.06252,0.02455,0.02979,0.0112,0.07764,0.00754,0.0,0.0,0.0006,0.00161,0.02712,0.01613,0.00993,0.00601,0.01212,0.01212,0.02163,0.02163,0.01636,0.01636,0.02793,0.02793,0.0257,0.0257,0.02629,0.0263,0.0348,0.0348,0.02984,0.02984,0.01567,0.01568,0.02394,0.02396
0.0,7.89218,28.22296,0.00784,0.00178,0.0,0.0,0.00767,0.00066,0.00849,0.01421,0.01052,0.0008,0.09551,0.00623,0.0,0.0,0.00074,0.00255,0.0592,0.04205,0.02871,0.00944,0.08304,0.00832,0.0,0.0,0.00064,0.00353,0.05012,0.02012,0.01554,0.00794,0.01212,0.01212,0.02164,0.02164,0.01639,0.01638,0.02796,0.02796,0.02569,0.02569,0.0263,0.02629,0.0348,0.03481,0.02986,0.02986,0.0157,0.01572,0.02392,0.02393
0.0,7.30461,21.12417,0.00587,0.00167,0.0,0.0,0.0071,0.00049,0.00781,0.01446,0.00839,0.00115,0.07914,0.0045,0.0,0.0,0.00061,0.00215,0.07193,0.03027,0.02376,0.01083,0.08856,0.01138,0.0,0.0,0.00069,0.00208,0.04364,0.02411,0.01308,0.00946,0.01212,0.01211,0.02163,0.02164,0.01637,0.01639,0.02796,0.02796,0.02569,0.0257,0.0263,0.0263,0.03481,0.03483,0.02985,0.02985,0.01572,0.01572,0.02394,0.02394
0.0,9.29257,14.10204,0.00392,0.00196,0.0,0.0,0.00903,0.00044,0.01233,0.00732,0.00561,0.00109,0.08623,0.00497,0.0,0.0,0.00067,0.00238,0.06578,0.03494,0.02808,0.00947,0.12955,0.01085,0.0,0.0,0.001,0.00235,0.03795,0.0223,0.01213,0.00864,0.01212,0.01212,0.02163,0.02164,0.01639,0.01639,0.02796,0.02796,0.02568,0.0257,0.0263,0.0263,0.0348,0.03482,0.02985,0.02983,0.01573,0.01573,0.02395,0.02395
0.0,7.81941,7.04752,0.00196,0.00112,0.0,0.0,0.0076,0.00038,0.00677,0.00969,0.00613,0.00063,0.09534,0.00459,0.0,0.0,0.00074,0.00295,0.07695,0.03177,0.02984,0.0094,0.09012,0.00985,0.0,0.0,0.0007,0.00259,0.03831,0.02406,0.01462,0.00772,0.01211,0.01212,0.02164,0.02165,0.01639,0.01639,0.02796,0.02796,0.0257,0.0257,0.0263,0.0263,0.0348,0.03482,0.02985,0.02983,0.01572,0.01573,0.02395,0.02395
0.0,9.20439,0.0,0.0,0.00186,0.0,0.0,0.00894,0.00081,0.01299,0.0158,0.0124,0.00098,0.09322,0.00599,0.0,0.0,0.00072,0.00259,0.06614,0.02878,0.02489,0.01122,0.07365,0.01092,0.0,0.0,0.00057,0.00227,0.03858,0.01662,0.0134,0.00721,0.01211,0.01212,0.02164,0.02165,0.01639,0.01639,0.02796,0.02796,0.0257,0.0257,0.0263,0.0263,0.03481,0.03482,0.02985,0.02983,0.01572,0.01573,0.02395,0.02395
